catalogNumber	_itemNo	_imageNo	placement	placementRemarks	url	generalRemarks
A25656		1	POL. 70,16	KARBON/PERM	PMO-A25656-01.tif	
A25670		1	POL. 70,16	KARBON/PERM	PMO-A25670-01.tif	
A25670a		1	POL. 70,16	KARBON/PERM	PMO-A25670a-01.tif	
A25670b		1	POL. 70,16	KARBON/PERM	PMO-A25670b-01.tif	
A25670c		1	POL. 70,16	KARBON/PERM	PMO-A25670c-01.tif	
A25118a		1	POL. 70,16	KARBON/PERM	PMO-A25118a-01.tif	
A25118b		1	POL. 70,16	KARBON/PERM	PMO-A25118b-01.tif	
A25118c		1	POL. 70,16	KARBON/PERM	PMO-A25118c-01.tif	
A25122a		1	POL. 70,16	KARBON/PERM	PMO-A25122a-01.tif	
A25122b		1	POL. 70,16	KARBON/PERM	PMO-A25122b-01.tif	
A25122c		1	POL. 70,16	KARBON/PERM	PMO-A25122c-01.tif	
A25122d		1	POL. 70,16	KARBON/PERM	PMO-A25122d-01.tif	
A25656a		1	POL. 70,16	KARBON/PERM	PMO-A25656a-01.tif	
A25656b		1	POL. 70,16	KARBON/PERM	PMO-A25656b-01.tif	
A25646c		1	POL. 70,16	KARBON/PERM	PMO-A25646c-01.tif	
A25676a		1	POL. 70,16	KARBON/PERM	PMO-A25676a-01.tif	
A25676b		1	POL. 70,16	KARBON/PERM	PMO-A25676b-01.tif	
A25650a		1	POL. 70,16	KARBON/PERM	PMO-A25650a-01.tif	
A25650b		1	POL. 70,16	KARBON/PERM	PMO-A25650b-01.tif	
A25687a-c		1	POL. 70,16	KARBON/PERM	PMO-A25687a-c-01.jpg	
A25154a-b		1	POL. 70,16	KARBON/PERM	PMO-A25154a-b-01.jpg	
A25119a-c		1	POL. 70,16	KARBON/PERM	PMO-A25119a-c-01.jpg	
A25620a-b		1	POL. 70,16	KARBON/PERM	PMO-A25620a-b-01.jpg	
A25533		1	POL. 70,16	KARBON/PERM	PMO-A25533-01.jpg	
A25183		1	POL. 70,16	KARBON/PERM	PMO-A25183-01.jpg	
A25691		1	POL. 70,16	KARBON/PERM	PMO-A25691-01.jpg	
A25693		1	POL. 70,16	KARBON/PERM	PMO-A25693-01.jpg	
A25694a-b		1	POL. 70,16	KARBON/PERM	PMO-A25694a-b-01.jpg	
A25144		1	POL. 70,16	KARBON/PERM	PMO-A25144-01.jpg	
A25627a-b		1	POL. 70,16	KARBON/PERM	PMO-A25627a-b-01.jpg	
A25156		1	POL. 70,16	KARBON/PERM	PMO-A25156-01.jpg	
A25685		1	POL. 70,16	KARBON/PERM	PMO-A25685-01.jpg	
A25140		1	POL. 70,16	KARBON/PERM	PMO-A25140-01.jpg	
A25695		1	POL. 70,16	KARBON/PERM	PMO-A25695-01.jpg	
A25662a-b		1	POL. 70,16	KARBON/PERM	PMO-A25662a-b-01.jpg	
A25696		1	POL. 70,16	KARBON/PERM	PMO-A25696-01.jpg	
A25633a-b		1	POL. 70,16	KARBON/PERM	PMO-A25633a-b-01.jpg	
A25662		1	POL. 70,16	KARBON/PERM	PMO-A25662-01.jpg	
A25655		1	POL. 70,16	KARBON/PERM	PMO-A25655-01.jpg	
A25631		1	POL. 70,16	KARBON/PERM	PMO-A25631-01.jpg	
A25684		1	POL. 70,16	KARBON/PERM	PMO-A25684-01.jpg	
A25117		1	POL. 70,16	KARBON/PERM	PMO-A25117-01.jpg	
A25634a-c		1	POL. 70,16	KARBON/PERM	PMO-A25634a-c-01.jpg	
A25134a-c		1	POL. 70,16	KARBON/PERM	PMO-A25134a-c-01.jpg	
A25653ba-d		1	POL. 70,16	KARBON/PERM	PMO-A25653ba-d-01.jpg	
A25653		1	POL. 70,16	KARBON/PERM	PMO-A25653-01.jpg	
A25153a-b		1	POL. 70,16	KARBON/PERM	PMO-A25153a-b-01.jpg	
A25132-2		1	POL. 70,16	KARBON/PERM	PMO-A25132-2-01.jpg	
A25124-2		1	POL. 70,16	KARBON/PERM	PMO-A25124-2-01.jpg	
231.765		1	POL. 70,19	Karb.perm.  Hornsund-treskelen, Brachiopoda	PMO-231.765-01.jpg	
231.766		1	POL. 70,19	Karb.perm.  Hornsund-treskelen, Brachiopoda	PMO-231.766-01.jpg	
231.767		1	POL. 70,19	Karb.perm.  Hornsund-treskelen, Brachiopoda	PMO-231.767-01.jpg	
231.768		1	POL. 70,19	Karb.perm.  Hornsund-treskelen, Brachiopoda	PMO-231.768-01.jpg	
231.769		1	POL. 70,19	Karb.perm.  Hornsund-treskelen, Brachiopoda	PMO-231.769-01.jpg	
231.770		1	POL. 70,19	Karb.perm.  Hornsund-treskelen, Brachiopoda	PMO-231.770-01.jpg	
231.771		1	POL. 70,19	Karb.perm.  Hornsund-treskelen, Brachiopoda	PMO-231.771-01.jpg	
231.772		1	POL. 70,19	Karb.perm.  Hornsund-treskelen, Brachiopoda	PMO-231.772-01.jpg	
231.773		1	POL. 70,19	Karb.perm.  Hornsund-treskelen, Brachiopoda	PMO-231.773-01.jpg	
231.774		1	POL. 70,19	Karb.perm.  Hornsund-treskelen, Brachiopoda	PMO-231.774-01.jpg	
231.775		1	POL. 70,19	Karb.perm.  Hornsund-treskelen, Brachiopoda	PMO-231.775-01.jpg	
231.776		1	POL. 70,19	Karb.perm.  Hornsund-treskelen, Brachiopoda	PMO-231.776-01.jpg	
231.777		1	POL. 70,19	Karb.perm.  Hornsund-treskelen, Brachiopoda	PMO-231.777-01.jpg	
A5049		1	POL. 70,19	Karb.perm.  Hornsund-treskelen, Brachiopoda	PMO-A5049-01.jpg	
A9811		1	POL. 70,19	Karb.perm.  Hornsund-treskelen, Brachiopoda	PMO-A9811-01.jpg	
A9808		1	POL. 70,19	Karb.perm.  Hornsund-treskelen, Brachiopoda	PMO-A9808-01.jpg	
A9964		1	POL. 70,19	Karb.perm.  Hornsund-treskelen, Brachiopoda	PMO-A9964-01.jpg	
A9957		1	POL. 70,19	Karb.perm.  Hornsund-treskelen, Brachiopoda	PMO-A9957-01.jpg	
A9955		1	POL. 70,19	Karb.perm.  Hornsund-treskelen, Brachiopoda	PMO-A9955-01.jpg	
A9954		1	POL. 70,19	Karb.perm.  Hornsund-treskelen, Brachiopoda	PMO-A9954-01.jpg	
A5043		1	POL. 70,19	Karb.perm.  Hornsund-treskelen, Brachiopoda	PMO-A5043-01.jpg	
A5044		1	POL. 70,19	Karb.perm.  Hornsund-treskelen, Brachiopoda	PMO-A5044-01.jpg	
A9791		1	POL. 70,19	Karb.perm.  Hornsund-treskelen, Brachiopoda	PMO-A9791-01.jpg	
A5047		1	POL. 70,19	Karb.perm.  Hornsund-treskelen, Brachiopoda	PMO-A5047-01.jpg	
A9789		1	POL. 70,19	Karb.perm.  Hornsund-treskelen, Brachiopoda	PMO-A9789-01.jpg	
A9809		1	POL. 70,19	Karb.perm.  Hornsund-treskelen, Brachiopoda	PMO-A9809-01.jpg	
A9814		1	POL. 70,19	Karb.perm.  Hornsund-treskelen, Brachiopoda	PMO-A9814-01.jpg	
A5012		1	POL. 70,19	Karb.perm.  Hornsund-treskelen, Brachiopoda	PMO-A5012-01.jpg	
A5071		1	POL. 70,19	Karb.perm.  Hornsund-treskelen, Brachiopoda	PMO-A5071-01.jpg	
A5014		1	POL. 70,19	Karb.perm.  Hornsund-treskelen, Brachiopoda	PMO-A5014-01.jpg	
A5010		1	POL. 70,19	Karb.perm.  Hornsund-treskelen, Brachiopoda	PMO-A5010-01.jpg	
A9965		1	POL. 70,19	Karb.perm.  Hornsund-treskelen, Brachiopoda	PMO-A9965-01.jpg	
A5052		1	POL. 70,19	Karb.perm.  Hornsund-treskelen, Brachiopoda	PMO-A5052-01.jpg	
A9959		1	POL. 70,19	Karb.perm.  Hornsund-treskelen, Brachiopoda	PMO-A9959-01.jpg	
A9976		1	POL. 70,19	Karb.perm.  Hornsund-treskelen, Brachiopoda	PMO-A9976-01.jpg	
A5054		1	POL. 70,19	Karb.perm.  Hornsund-treskelen, Brachiopoda	PMO-A5054-01.jpg	
A5007		1	POL. 70,19	Karb.perm.  Hornsund-treskelen, Brachiopoda	PMO-A5007-01.jpg	
A5006		1	POL. 70,19	Karb.perm.  Hornsund-treskelen, Brachiopoda	PMO-A5006-01.jpg	
A5008		1	POL. 70,19	Karb.perm.  Hornsund-treskelen, Brachiopoda	PMO-A5008-01.jpg	
A5009		1	POL. 70,19	Karb.perm.  Hornsund-treskelen, Brachiopoda	PMO-A5009-01.jpg	
A5068		1	POL. 70,19	Karb.perm.  Hornsund-treskelen, Brachiopoda	PMO-A5068-01.jpg	
A5070		1	POL. 70,19	Karb.perm.  Hornsund-treskelen, Brachiopoda	PMO-A5070-01.jpg	
A9941		1	POL. 70,19	Karb.perm.  Hornsund-treskelen, Brachiopoda	PMO-A9941-01.jpg	
A9799		1	POL. 70,19	Karb.perm.  Hornsund-treskelen, Brachiopoda	PMO-A9799-01.jpg	
A9939		1	POL. 70,19	Karb.perm.  Hornsund-treskelen, Brachiopoda	PMO-A9939-01.jpg	
A5069		1	POL. 70,19	Karb.perm.  Hornsund-treskelen, Brachiopoda	PMO-A5069-01.jpg	
A9940		1	POL. 70,19	Karb.perm.  Hornsund-treskelen, Brachiopoda	PMO-A9940-01.jpg	
A9937		1	POL. 70,19	Karb.perm.  Hornsund-treskelen, Brachiopoda	PMO-A9937-01.jpg	
A9938		1	POL. 70,19	Karb.perm.  Hornsund-treskelen, Brachiopoda	PMO-A9938-01.jpg	
A9935		1	POL. 70,19	Karb.perm.  Hornsund-treskelen, Brachiopoda	PMO-A9935-01.jpg	
A5011		1	POL. 70,19	Karb.perm.  Hornsund-treskelen, Brachiopoda	PMO-A5011-01.jpg	
A9943		1	POL. 70,19	Karb.perm.  Hornsund-treskelen, Brachiopoda	PMO-A9943-01.jpg	
A5005		1	POL. 70,19	Karb.perm.  Hornsund-treskelen, Brachiopoda	PMO-A5005-01.jpg	
A5057		1	POL. 70,19	Karb.perm.  Hornsund-treskelen, Brachiopoda	PMO-A5057-01.jpg	
A5059		1	POL. 70,19	Karb.perm.  Hornsund-treskelen, Brachiopoda	PMO-A5059-01.jpg	
A9819		1	POL. 70,19	Karb.perm.  Hornsund-treskelen, Brachiopoda	PMO-A9819-01.jpg	
A9805		1	POL. 70,19	Karb.perm.  Hornsund-treskelen, Brachiopoda	PMO-A9805-01.jpg	
A5053		1	POL. 70,19	Karb.perm.  Hornsund-treskelen, Brachiopoda	PMO-A5053-01.jpg	
A5058		1	POL. 70,19	Karb.perm.  Hornsund-treskelen, Brachiopoda	PMO-5058-01.jpg	
A5064		1	POL. 70,19	Karb.perm.  Hornsund-treskelen, Brachiopoda	PMO-A5064-01.jpg	
A5065		1	POL. 70,19	Karb.perm.  Hornsund-treskelen, Brachiopoda	PMO-A5065-01.jpg	
A9974		1	POL. 70,19	Karb.perm.  Hornsund-treskelen, Brachiopoda	PMO-A9974-01.jpg	
A9975		1	POL. 70,19	Karb.perm.  Hornsund-treskelen, Brachiopoda	PMO-A9975-01.jpg	
A25437		1	POL. 70,19	Karb.perm.  Hornsund-treskelen, Brachiopoda	PMO-A25437-01.jpg	
A25433		1	POL. 70,19	Karb.perm.  Hornsund-treskelen, Brachiopoda	PMO-A25433-01.jpg	
A9797		1	POL. 70,19	Karb.perm.  Hornsund-treskelen, Brachiopoda	PMO-A9797-01.jpg	
A9948		1	POL. 70,19	Karb.perm.  Hornsund-treskelen, Brachiopoda	PMO-A9948-01.jpg	
A9944		1	POL. 70,19	Karb.perm.  Hornsund-treskelen, Brachiopoda	PMO-A9944-01.jpg	
A9934		1	POL. 70,19	Karb.perm.  Hornsund-treskelen, Brachiopoda	PMO-A9934-01.jpg	
A9946		1	POL. 70,19	Karb.perm.  Hornsund-treskelen, Brachiopoda	PMO-A9946-01.jpg	
A5056		1	POL. 70,19	Karb.perm.  Hornsund-treskelen, Brachiopoda	PMO-A5056-01.jpg	
A9794		1	POL. 70,19	Karb.perm.  Hornsund-treskelen, Brachiopoda	PMO-A9794-01.jpg	
A9796		1	POL. 70,19	Karb.perm.  Hornsund-treskelen, Brachiopoda	PMO-A9796-01.jpg	
A9793		1	POL. 70,19	Karb.perm.  Hornsund-treskelen, Brachiopoda	PMO-A9793-01.jpg	
A9795		1	POL. 70,19	Karb.perm.  Hornsund-treskelen, Brachiopoda	PMO-A9795-01.jpg	
A9945		1	POL. 70,19	Karb.perm.  Hornsund-treskelen, Brachiopoda	PMO-A9947-01.jpg	
A9801		1	POL. 70,19	Karb.perm.  Hornsund-treskelen, Brachiopoda	PMO-A9801-01.jpg	
A9951		1	POL. 70,19	Karb.perm.  Hornsund-treskelen, Brachiopoda	PMO-A9951-01.jpg	
A9962		1	POL. 70,19	Karb.perm.  Hornsund-treskelen, Brachiopoda	PMO-A9962-01.jpg	
A5013		1	POL. 70,19	Karb.perm.  Hornsund-treskelen, Brachiopoda	PMO-A5013-01.jpg	
231.778		1	POL. 70,19	Karb.perm.  Hornsund-treskelen, Brachiopoda	PMO-231.778-01.jpg	
231.844		1	POL. 70,19	Karb.perm.  Hornsund-treskelen, Brachiopoda	PMO-231.844-01.jpg	
A25862		1	POL. 70,19	Karb.perm.  Hornsund-treskelen, Brachiopoda	PMO-A25862-01.jpg	
A25753		1	POL. 70,19	Karb.perm.  Hornsund-treskelen, Brachiopoda	PMO-A25753-01.jpg	
A25868		1	POL. 70,19	Karb.perm.  Hornsund-treskelen, Brachiopoda	PMO-A25868-01.jpg	
231.779		1	POL. 70,19	Karb.perm.  Hornsund-treskelen, Brachiopoda	PMO-231.779-01.jpg	
231.784		1	POL. 70,19	Karb.perm.  Hornsund-treskelen, Brachiopoda	PMO-231.784-01.jpg	
231.783		1	POL. 70,19	Karb.perm.  Hornsund-treskelen, Brachiopoda	PMO-231.783-01.jpg	
231.787		1	POL. 70,19	Karb.perm.  Hornsund-treskelen, Brachiopoda	PMO-231.787-01.jpg	
231.780		1	POL. 70,19	Karb.perm.  Hornsund-treskelen, Brachiopoda	PMO-231.780-01.jpg	
231.782		1	POL. 70,19	Karb.perm.  Hornsund-treskelen, Brachiopoda	PMO-231.782-01.jpg	
231.786		1	POL. 70,19	Karb.perm.  Hornsund-treskelen, Brachiopoda	PMO-231.786-01.jpg	
231.781		1	POL. 70,19	Karb.perm.  Hornsund-treskelen, Brachiopoda	PMO-231.781-01.jpg	
231.785		1	POL. 70,19	Karb.perm.  Hornsund-treskelen, Brachiopoda	PMO-231.785-01.jpg	
A25438		1	POL. 70,19	Karb.perm.  Hornsund-treskelen, Brachiopoda	PMO-A25438-01.jpg	
A25436		1	POL. 70,19	Karb.perm.  Hornsund-treskelen, Brachiopoda	PMO-A25436-01.jpg	
A9816		1	POL. 70,19	Karb.perm.  Hornsund-treskelen, Brachiopoda	PMO-A9816-01.jpg	
A26209		1	POL. 70,19	Karb.perm.  Hornsund-treskelen, Brachiopoda	PMO-A26209-01.jpg	
A5066		1	POL. 70,19	Karb.perm.  Hornsund-treskelen, Brachiopoda	PMO-A5066-01.jpg	Uten etikett
A5062		1	POL. 70,19	Karb.perm.  Hornsund-treskelen, Brachiopoda	PMO-A5062-01.jpg	Uten etikett
A5048		1	POL. 70,19	Karb.perm.  Hornsund-treskelen, Brachiopoda	PMO-A5048-01.jpg	Uten etikett
A9978		1	POL. 70,19	Karb.perm.  Hornsund-treskelen, Brachiopoda	PMO-A9978-01.jpg	Uten etikett
A9963,9813		1	POL. 70,19	Karb.perm.  Hornsund-treskelen, Brachiopoda	PMO-A9963,9813-01.jpg	Uten etikett
H6103		1	POL. 70,07	 Hecla Hoek	PMO-H6103-01.jpg	
H3879a-c		1	POL. 70,07	 Hecla Hoek	PMO-H3879a-c-01.jpg	
H4425a-b		1	POL. 70,07	 Hecla Hoek	PMO-H4425a-b-01.jpg	
H3876		1	POL. 70,07	 Hecla Hoek	PMO-H3876-01.jpg	
H4438		1	POL. 70,07	 Hecla Hoek	PMO-H4438-01.jpg	
H4121		1	POL. 70,07	 Hecla Hoek	PMO-H4121-01.jpg	
H3845		1	POL. 70,07	 Hecla Hoek	PMO-H3845-01.jpg	
H4431		1	POL. 70,07	 Hecla Hoek	PMO-H4431-01.jpg	
H3834a-b		1	POL. 70,07	 Hecla Hoek	PMO-H3834a-b-01.jpg	
H4434		1	POL. 70,07	 Hecla Hoek	PMO-H4434-01.jpg	
H3941a-c		1	POL. 70,07	 Hecla Hoek	PMO-H3941a-c-01.jpg	
H3843		1	POL. 70,07	 Hecla Hoek	PMO-H3843-01.jpg	
H3855		1	POL. 70,07	 Hecla Hoek	PMO-H3855-01.jpg	
H4420		1	POL. 70,07	 Hecla Hoek	PMO-H4420-01.jpg	
H3697		1	POL. 70,07	 Hecla Hoek	PMO-H3697-01.jpg	
H3679		1	POL. 70,07	 Hecla Hoek	PMO-H3679-01.jpg	
H4437		1	POL. 70,07	 Hecla Hoek	PMO-H4437-01.jpg	
H3851a-b		1	POL. 70,07	 Hecla Hoek	PMO-H3851a-b-01.jpg	
H3833		1	POL. 70,07	 Hecla Hoek	PMO-H3833-01.jpg	
H3877a-b		1	POL. 70,07	 Hecla Hoek	PMO-H3877a-b-01.jpg	
H3854a-b		1	POL. 70,07	 Hecla Hoek	PMO-H3854a-b-01.jpg	
H3739a-c		1	POL. 70,07	 Hecla Hoek	PMO-H3739a-c-01.jpg	
H3946		1	POL. 70,07	 Hecla Hoek	PMO-H3946-01.jpg	
H3868a-b		1	POL. 70,07	 Hecla Hoek	PMO-H3868a-b-01.jpg	
H3641a-c		1	POL. 70,07	 Hecla Hoek	PMO-H3641a-c-01.jpg	
H4429a-b		1	POL. 70,07	 Hecla Hoek	PMO-H4429a-b-01.jpg	
231.902		1	POL. 69,27	 Koraller Treskelen Karbon Perm C 4 KS AJT TA	PMO-231.902-01.jpg	
231.901		1	POL. 69,27	 Koraller Treskelen Karbon Perm C 4 KS AJT TA	PMO-231.901-01.jpg	
231.904		1	POL. 69,27	 Koraller Treskelen Karbon Perm C 4 KS AJT TA	PMO-231.904-01.jpg	
231.903		1	POL. 69,27	 Koraller Treskelen Karbon Perm C 4 KS AJT TA	PMO-231.903-01.jpg	
231.905		1	POL. 69,27	 Koraller Treskelen Karbon Perm C 4 KS AJT TA	PMO-231.905-01.jpg	
231.906		1	POL. 69,27	 Koraller Treskelen Karbon Perm C 4 KS AJT TA	PMO-231.906-01.jpg	
231.900		1	POL. 69,27	 Koraller Treskelen Karbon Perm C 4 KS AJT TA	PMO-231.900-01.jpg	
A40302		1	POL. 70,10	Sørkappøya/Austjøeltd. Coelenterata, Karbon/perm	PMO-A40302-01.jpg	
A40295		1	POL. 70,10	Sørkappøya/Austjøeltd. Coelenterata, Karbon/perm	PMO-A40295-01.jpg	
A40294		1	POL. 70,10	Sørkappøya/Austjøeltd. Coelenterata, Karbon/perm	PMO-A40294-01.jpg	
A40285		1	POL. 70,10	Sørkappøya/Austjøeltd. Coelenterata, Karbon/perm	PMO-A40285-01.jpg	
A40301		1	POL. 70,10	Sørkappøya/Austjøeltd. Coelenterata, Karbon/perm	PMO-A40301-01.jpg	
A40307		1	POL. 70,10	Sørkappøya/Austjøeltd. Coelenterata, Karbon/perm	PMO-A40307-01.jpg	
A40278		1	POL. 70,10	Sørkappøya/Austjøeltd. Coelenterata, Karbon/perm	PMO-A40278-01.jpg	
A40292		1	POL. 70,10	Sørkappøya/Austjøeltd. Coelenterata, Karbon/perm	PMO-A40292-01.jpg	
A40291		1	POL. 70,10	Sørkappøya/Austjøeltd. Coelenterata, Karbon/perm	PMO-A40291-01.jpg	
A40305		1	POL. 70,10	Sørkappøya/Austjøeltd. Coelenterata, Karbon/perm	PMO-A40305-01.jpg	
A40298		1	POL. 70,10	Sørkappøya/Austjøeltd. Coelenterata, Karbon/perm	PMO-A40298-01.jpg	
A40282		1	POL. 70,10	Sørkappøya/Austjøeltd. Coelenterata, Karbon/perm	PMO-A40282-01.jpg	
A40300		1	POL. 70,10	Sørkappøya/Austjøeltd. Coelenterata, Karbon/perm	PMO-A40300-01.jpg	
A40296		1	POL. 70,10	Sørkappøya/Austjøeltd. Coelenterata, Karbon/perm	PMO-A40296-01.jpg	
A40306		1	POL. 70,10	Sørkappøya/Austjøeltd. Coelenterata, Karbon/perm	PMO-A40306-01.jpg	
A40281		1	POL. 70,10	Sørkappøya/Austjøeltd. Coelenterata, Karbon/perm	PMO-A40281-01.jpg	
A40297		1	POL. 70,10	Sørkappøya/Austjøeltd. Coelenterata, Karbon/perm	PMO-A40297-01.jpg	
A40290		1	POL. 70,10	Sørkappøya/Austjøeltd. Coelenterata, Karbon/perm	PMO-A40290-01.jpg	
A40286		1	POL. 70,10	Sørkappøya/Austjøeltd. Coelenterata, Karbon/perm	PMO-A40286-01.jpg	
A40276		1	POL. 70,10	Sørkappøya/Austjøeltd. Coelenterata, Karbon/perm	PMO-A40276-01.jpg	
A40280		1	POL. 70,10	Sørkappøya/Austjøeltd. Coelenterata, Karbon/perm	PMO-A40280-01.jpg	
A40288		1	POL. 70,10	Sørkappøya/Austjøeltd. Coelenterata, Karbon/perm	PMO-A40288-01.jpg	
A40293		1	POL. 70,10	Sørkappøya/Austjøeltd. Coelenterata, Karbon/perm	PMO-A40293-01.jpg	
A40303		1	POL. 70,10	Sørkappøya/Austjøeltd. Coelenterata, Karbon/perm	PMO-A40303-01.jpg	
A40289		1	POL. 70,10	Sørkappøya/Austjøeltd. Coelenterata, Karbon/perm	PMO-A40289-01.jpg	
A40299		1	POL. 70,10	Sørkappøya/Austjøeltd. Coelenterata, Karbon/perm	PMO-A40299-01.jpg	
A40287		1	POL. 70,10	Sørkappøya/Austjøeltd. Coelenterata, Karbon/perm	PMO-A40287-01.jpg	
A40277		1	POL. 70,10	Sørkappøya/Austjøeltd. Coelenterata, Karbon/perm	PMO-A40277-01.jpg	
A40304		1	POL. 70,10	Sørkappøya/Austjøeltd. Coelenterata, Karbon/perm	PMO-A40304-01.jpg	
A40284		1	POL. 70,10	Sørkappøya/Austjøeltd. Coelenterata, Karbon/perm	PMO-A40284-01.jpg	
A40283		1	POL. 70,10	Sørkappøya/Austjøeltd. Coelenterata, Karbon/perm	PMO-A40283-01.jpg	
A40279		1	POL. 70,10	Sørkappøya/Austjøeltd. Coelenterata, Karbon/perm	PMO-A40279-01.jpg	
A40273		1	POL. 70,10	Sørkappøya/Austjøeltd. Coelenterata, Karbon/perm	PMO-A40273-01.jpg	
A40274		1	POL. 70,10	Sørkappøya/Austjøeltd. Coelenterata, Karbon/perm	PMO-H40274-01.jpg	
A40275		1	POL. 70,10	Sørkappøya/Austjøeltd. Coelenterata, Karbon/perm	PMO-H40275-01.jpg	
231.791		1	POL. 70,11	 Hornsund, Treskelen, Coelenterata, Karbon/perm	PMO-231.791-01.jpg	
A25147		1	POL. 70,11	 Hornsund, Treskelen, Coelenterata, Karbon/perm	PMO-A25147-01.jpg	
A25397		1	POL. 70,11	 Hornsund, Treskelen, Coelenterata, Karbon/perm	PMO-A25397-01.jpg	
A25173		1	POL. 70,11	 Hornsund, Treskelen, Coelenterata, Karbon/perm	PMO-A25173-01.jpg	
A25647		1	POL. 70,11	 Hornsund, Treskelen, Coelenterata, Karbon/perm	PMO-A25647-01.jpg	
A25692		1	POL. 70,11	 Hornsund, Treskelen, Coelenterata, Karbon/perm	PMO-A25692-01.jpg	Utydelig etikett
A25427		1	POL. 70,11	 Hornsund, Treskelen, Coelenterata, Karbon/perm	PMO-A25427-01.jpg	
A25426		1	POL. 70,11	 Hornsund, Treskelen, Coelenterata, Karbon/perm	PMO-A25426-01.jpg	
A25424		1	POL. 70,11	 Hornsund, Treskelen, Coelenterata, Karbon/perm	PMO-A25424-01.jpg	
A25175a-b		1	POL. 70,11	 Hornsund, Treskelen, Coelenterata, Karbon/perm	PMO-A25175a-b-01.jpg	
231.792		1	POL. 70,11	 Hornsund, Treskelen, Coelenterata, Karbon/perm	PMO-231.792-01.jpg	
A25121		1	POL. 70,11	 Hornsund, Treskelen, Coelenterata, Karbon/perm	PMO-A25121-01.jpg	
A25630		1	POL. 70,11	 Hornsund, Treskelen, Coelenterata, Karbon/perm	PMO-A25630-01.jpg	
A25908a-c		1	POL. 70,11	 Hornsund, Treskelen, Coelenterata, Karbon/perm	PMO-A25908a-c-01.jpg	
A25142		1	POL. 70,11	 Hornsund, Treskelen, Coelenterata, Karbon/perm	PMO-A25142-01.jpg	
A25139		1	POL. 70,11	 Hornsund, Treskelen, Coelenterata, Karbon/perm	PMO-A25139-01.jpg	
A25439		1	POL. 70,11	 Hornsund, Treskelen, Coelenterata, Karbon/perm	PMO-A25439-01.jpg	
A25428		1	POL. 70,11	 Hornsund, Treskelen, Coelenterata, Karbon/perm	PMO-A25428-01.jpg	
A25637a-b		1	POL. 70,11	 Hornsund, Treskelen, Coelenterata, Karbon/perm	PMO-A25637a-b-01.jpg	
A25143		1	POL. 70,11	 Hornsund, Treskelen, Coelenterata, Karbon/perm	PMO-A25143-01.jpg	
A25152		1	POL. 70,11	 Hornsund, Treskelen, Coelenterata, Karbon/perm	PMO-A25152-01.jpg	
A10276		1	POL. 70,11	 Hornsund, Treskelen, Coelenterata, Karbon/perm	PMO-A10276-01.jpg	
A10280		1	POL. 70,11	 Hornsund, Treskelen, Coelenterata, Karbon/perm	PMO-A10280-01.jpg	
A10275		1	POL. 70,11	 Hornsund, Treskelen, Coelenterata, Karbon/perm	PMO-A10275-01.jpg	
A10274		1	POL. 70,11	 Hornsund, Treskelen, Coelenterata, Karbon/perm	PMO-A10274-01.jpg	
A10273		1	POL. 70,11	 Hornsund, Treskelen, Coelenterata, Karbon/perm	PMO-A10273-01.jpg	
A10272		1	POL. 70,11	 Hornsund, Treskelen, Coelenterata, Karbon/perm	PMO-A10272-01.jpg	
A10278		1	POL. 70,11	 Hornsund, Treskelen, Coelenterata, Karbon/perm	PMO-A10278-01.jpg	
A10279		1	POL. 70,11	 Hornsund, Treskelen, Coelenterata, Karbon/perm	PMO-A10279-01.jpg	
A10277		1	POL. 70,11	 Hornsund, Treskelen, Coelenterata, Karbon/perm	PMO-A10277-01.jpg	
A25654		1	POL. 70,11	 Hornsund, Treskelen, Coelenterata, Karbon/perm	PMO-A25654-01.jpg	
A25141		1	POL. 70,11	 Hornsund, Treskelen, Coelenterata, Karbon/perm	PMO-A25141a-b-01.jpg	
A25658		1	POL. 70,11	 Hornsund, Treskelen, Coelenterata, Karbon/perm	PMO-A25658-01.jpg	
A25129		1	POL. 70,11	 Hornsund, Treskelen, Coelenterata, Karbon/perm	PMO-A25129a-c-01.jpg	
A25184		1	POL. 70,11	 Hornsund, Treskelen, Coelenterata, Karbon/perm	PMO-A25184-01.jpg	
A25140		1	POL. 70,11	 Hornsund, Treskelen, Coelenterata, Karbon/perm	PMO-A25140-02.jpg	Tynnslip
A25664a-b		1	POL. 70,11	 Hornsund, Treskelen, Coelenterata, Karbon/perm	PMO-A25664a-b-01.jpg	
A25653-3-a-c		1	POL. 70,11	 Hornsund, Treskelen, Coelenterata, Karbon/perm	PMO-A25653-3-a-c-01.jpg	Tynnslip
A25631		1	POL. 70,11	 Hornsund, Treskelen, Coelenterata, Karbon/perm	PMO-A25631-01.jpg	
A25637-2		1	POL. 70,11	 Hornsund, Treskelen, Coelenterata, Karbon/perm	PMO-A25637-2-01.jpg	
A25634-2		1	POL. 70,11	 Hornsund, Treskelen, Coelenterata, Karbon/perm	PMO-A25634-2-01.jpg	
A25654-3		1	POL. 70,11	 Hornsund, Treskelen, Coelenterata, Karbon/perm	PMO-A25654-3-01.jpg	
A25655,3		1	POL. 70,11	 Hornsund, Treskelen, Coelenterata, Karbon/perm	PMO-A25655,3-01.jpg	
A25664		1	POL. 70,11	 Hornsund, Treskelen, Coelenterata, Karbon/perm	PMO-A25664-01.jpg	
A10261		1	POL. 70,11	 Hornsund, Treskelen, Coelenterata, Karbon/perm	PMO-A10261-01.jpg	Mismatch nummer etikett og stein
A10257		1	POL. 70,11	 Hornsund, Treskelen, Coelenterata, Karbon/perm	PMO-A10257-01.jpg	Mismatch nummer etikett og stein
A10263		1	POL. 70,11	 Hornsund, Treskelen, Coelenterata, Karbon/perm	PMO-A10263-01.jpg	Mismatch nummer etikett og stein
A10262		1	POL. 70,11	 Hornsund, Treskelen, Coelenterata, Karbon/perm	PMO-A10262-01.jpg	Mismatch nummer etikett og stein
A10259		1	POL. 70,11	 Hornsund, Treskelen, Coelenterata, Karbon/perm	PMO-A10259-01.jpg	Mismatch nummer etikett og stein
A10258		1	POL. 70,11	 Hornsund, Treskelen, Coelenterata, Karbon/perm	PMO-A10258-01.jpg	Mismatch nummer etikett og stein
A10260		1	POL. 70,11	 Hornsund, Treskelen, Coelenterata, Karbon/perm	PMO-A10260-01.jpg	Mismatch nummer etikett og stein
A25817		1	POL. 70,12	 Sydkappøya, Hornsund, Bivalvia, Braciopoda, Devon, Karbon/perm	PMO-A25817-01.jpg	
A25815		1	POL. 70,12	 Sydkappøya, Hornsund, Bivalvia, Braciopoda, Devon, Karbon/perm	PMO-A25815-01.jpg	
231.795		1	POL. 70,12	 Sydkappøya, Hornsund, Bivalvia, Braciopoda, Devon, Karbon/perm	PMO-231.795-01.jpg	
231.796		1	POL. 70,12	 Sydkappøya, Hornsund, Bivalvia, Braciopoda, Devon, Karbon/perm	PMO-231.796-01.jpg	
231.793		1	POL. 70,12	 Sydkappøya, Hornsund, Bivalvia, Braciopoda, Devon, Karbon/perm	PMO-231.793-01.jpg	
231.797		1	POL. 70,12	 Sydkappøya, Hornsund, Bivalvia, Braciopoda, Devon, Karbon/perm	PMO-231.797-01.jpg	
231.799		1	POL. 70,12	 Sydkappøya, Hornsund, Bivalvia, Braciopoda, Devon, Karbon/perm	PMO-231.799-01.jpg	
231.798		1	POL. 70,12	 Sydkappøya, Hornsund, Bivalvia, Braciopoda, Devon, Karbon/perm	PMO-231.798-01.jpg	
26		1	POL. 70,12	 Sydkappøya, Hornsund, Bivalvia, Braciopoda, Devon, Karbon/perm	PMO-26-01.jpg	
A9985		1	POL. 70,12	 Sydkappøya, Hornsund, Bivalvia, Braciopoda, Devon, Karbon/perm	PMO-A9985-01.jpg	
a9986		1	POL. 70,12	 Sydkappøya, Hornsund, Bivalvia, Braciopoda, Devon, Karbon/perm	PMO-a9986-01.jpg	
A9995		1	POL. 70,12	 Sydkappøya, Hornsund, Bivalvia, Braciopoda, Devon, Karbon/perm	PMO-A9995-01.jpg	
A9774		1	POL. 70,12	 Sydkappøya, Hornsund, Bivalvia, Braciopoda, Devon, Karbon/perm	PMO-A9774-01.jpg	
A10010		1	POL. 70,12	 Sydkappøya, Hornsund, Bivalvia, Braciopoda, Devon, Karbon/perm	PMO-A10010-01.jpg	
A10009		1	POL. 70,12	 Sydkappøya, Hornsund, Bivalvia, Braciopoda, Devon, Karbon/perm	PMO-A10009-01.jpg	
A9770		1	POL. 70,12	 Sydkappøya, Hornsund, Bivalvia, Braciopoda, Devon, Karbon/perm	PMO-A9770-01.jpg	
A10011		1	POL. 70,12	 Sydkappøya, Hornsund, Bivalvia, Braciopoda, Devon, Karbon/perm	PMO-A10011-01.jpg	
A10008		1	POL. 70,12	 Sydkappøya, Hornsund, Bivalvia, Braciopoda, Devon, Karbon/perm	PMO-A10008-01.jpg	
9769		1	POL. 70,12	 Sydkappøya, Hornsund, Bivalvia, Braciopoda, Devon, Karbon/perm	PMO-9769-01.jpg	
A10012		1	POL. 70,12	 Sydkappøya, Hornsund, Bivalvia, Braciopoda, Devon, Karbon/perm	PMO-A10012-01.jpg	
231.729		1	POL. 70,26		PMO-231.729-01.tif	
231.736		1	POL. 70,26		PMO-231.736-01.tif	
231.735		1	POL. 70,26		PMO-231.735-01.tif	
231.735		2	POL. 70,26		PMO-231.735-02.tif	
231.733		1	POL. 70,26		PMO-231.733-01.jpg	
231.734		1	POL. 70,26		PMO-231.734-01.jpg	
231.730		1	POL. 70,26		PMO-231.730-01.jpg	
231.732		1	POL. 70,26		PMO-231.732-01.jpg	
231.731		1	POL. 70,26		PMO-231.731-01.jpg	
231.743		1	POL. 70,26		PMO-231.743-01.jpg	
231.739		1	POL. 70,26		PMO-231.739-01.jpg	
231.738		1	POL. 70,26		PMO-231.738-01.jpg	
231.737		1	POL. 70,26		PMO-231.737-01.jpg	
231.745		1	POL. 70,26		PMO-231.745-01.jpg	
231.741		1	POL. 70,26		PMO-231.741-01.jpg	
231.742		1	POL. 70,26		PMO-231.742-01.jpg	
231.740		1	POL. 70,26		PMO-231.740-01.jpg	
231.746		1	POL. 70,26		PMO-231.746-01.jpg	
231.747		1	POL. 70,26		PMO-231.747-01.jpg	
231.744		1	POL. 70,26		PMO-231.744-01.jpg	
A25145		1	POL. 70,18	Hornsund-Treskelen	PMO-A25145-01.jpg	
A25772		1	POL. 70,18	Hornsund-Treskelen	PMO-A25772-01.jpg	
A25641AB		1	POL. 70,18	Hornsund-treskelen	PMO-A25641AB-01.jpg	
A25679		1	POL. 70,18	Hornsund-treskelen	PMO-A25679-01.jpg	
A25646		1	POL. 70,18	Hornsund-treskelen	PMO-A25646-01.jpg	
A25623		1	POL. 70,18	Hornsund-treskelen	PMO-A25623-01_preparat.jpg	
A25641		1	POL. 70,18	Hornsund-treskelen	PMO-A25641-01.jpg	
A25153		1	POL. 70,18	Hornsund-treskelen	PMO-A25153-01.jpg	
A25532		1	POL. 70,18	Hornsund-treskelen	PMO-A25532-01_preparat.jpg	
A25670		1	POL. 70,18	Hornsund-treskelen	PMO-A25670-01.jpg	
A25672		1	POL. 70,18	Hornsund-treskelen	PMO-A25672-01.jpg	
A25694		1	POL. 70,18	Hornsund-treskelen	PMO-A25694-01.jpg	
A25628		1	POL. 70,18	Hornsund-treskelen	PMO-A25628-01.jpg	
A25645		1	POL. 70,18	Hornsund-treskelen	PMO-A25645-01_preparat.jpg	
A25661		1	POL. 70,18	Hornsund-treskelen	PMO-A25661-01.jpg	
A25645		1	POL. 70,18	Hornsund-treskelen	PMO-A25645-01.jpg	
A25532_preparat		1	POL. 70,18	Hornsund-treskelen	PMO-A25532_preparat-01.jpg	Preparat
A25622_preparat		1	POL. 70,18	Hornsund-treskelen	PMO-A25622_preparat-01.jpg	Preparat
A25632_preparat		1	POL. 70,18	Hornsund-treskelen	PMO-A25632_preparat-01.jpg	Preparat
A25636_preparat		1	POL. 70,18	Hornsund-treskelen	PMO-A25636_preparat-01.jpg	Preparat
A25686_preparat		1	POL. 70,18	Hornsund-treskelen	PMO-A25686_preparat-01.jpg	Preparat
A25678_preparat		1	POL. 70,18	Hornsund-treskelen	PMO-A25678_preparat-01.jpg	Preparat
A25667_preparat		1	POL. 70,18	Hornsund-treskelen	PMO-A25667_preparat-01.jpg	Preparat
A25675_preparat		1	POL. 70,18	Hornsund-treskelen	PMO-A25675_preparat-01.jpg	Preparat
A25672		1	POL. 70,18	Hornsund-treskelen	PMO-A25672-01.jpg	
A25693_preparat		1	POL. 70,18	Hornsund-treskelen	PMO-A25693_preparat-01.jpg	Preparat
A25696_preparat		1	POL. 70,18	Hornsund-treskelen	PMO-A25696_preparat-01.jpg	Preparat
A256536_preparat		1	POL. 70,18	Hornsund-treskelen	PMO-A256536_preparat-01.jpg	Preparat
A25686		1	POL. 70,18	Hornsund-treskelen	PMO-A25686-01.jpg	
A25690		1	POL. 70,18	Hornsund-treskelen	PMO-A25690-01.jpg	
A25174		1	POL. 70,18	Hornsund-treskelen	PMO-A25174-01.jpg	
A25181_preparat		1	POL. 70,18	Hornsund-treskelen	PMO-A25181_preparat-01.jpg	Preparat
A25652		1	POL. 70,18	Hornsund-treskelen	PMO-A25652-01.jpg	
A25679_preparat		1	POL. 70,18	Hornsund-treskelen	PMO-A25679_preparat-01.jpg	Preparat
A25181_preparat2		1	POL. 70,18	Hornsund-treskelen	PMO-A25181_preparat2-01.jpg	Preparat
A25690_preparat		1	POL. 70,18	Hornsund-treskelen	PMO-A25690_preparat-01.jpg	Preparat
A25636		1	POL. 70,18	Hornsund-treskelen	PMO-A25636-01.jpg	
A25132		1	POL. 70,18	Hornsund-treskelen	PMO-A25132-01.jpg	
A25149		1	POL. 70,18	Hornsund-treskelen	PMO-A25149-01.jpg	
A25698		1	POL. 70,18	Hornsund-treskelen	PMO-A25698-01.jpg	
A25657		1	POL. 70,18	Hornsund-treskelen	PMO-A25657-01.jpg	
A25418		1	POL. 70,18	Hornsund-treskelen	PMO-A25418-01.jpg	
A25532		1	POL. 70,18	Hornsund-treskelen	PMO-A25532-01.jpg	
25623		1	POL. 70,18	Hornsund-treskelen	PMO-25623-01.jpg	
A25675		1	POL. 70,18	Hornsund-treskelen	PMO-A25675-01.jpg	
A25175_preparat		1	POL. 70,18	Hornsund-treskelen	PMO-A25175_preparat-01.jpg	Preparat
A25172_preparat		1	POL. 70,18	Hornsund-treskelen	PMO-A25172_preparat-01.jpg	Preparat
A25152_preparat		1	POL. 70,18	Hornsund-treskelen	PMO-A25152_preparat-01.jpg	Preparat
A25663		1	POL. 70,18	Hornsund-treskelen	PMO-A25663-01.jpg	
A25678		1	POL. 70,18	Hornsund-treskelen	PMO-A25678-01.jpg	
A25181		1	POL. 70,18	Hornsund-treskelen	PMO-A25181-01.jpg	
A25667		1	POL. 70,18	Hornsund-treskelen	PMO-A25667-01.jpg	
A25124		1	POL. 70,18	Hornsund-treskelen	PMO-A25124-01.jpg	
A25138		1	POL. 70,18	Hornsund-treskelen	PMO-A25138-01.jpg	
H3682		1	POL. 70,09	HECLA HOEH	PMO-H3682-01.jpg	
H3694		1	POL. 70,09	HECLA HOEH	PMO-H3694-01.jpg	
H4412		1	POL. 70,09	HECLA HOEH	PMO-H4412-01.jpg	
H6282		1	POL. 70,09	HECLA HOEH	PMO-H6282-01.jpg	
H3703		1	POL. 70,09	HECLA HOEH	PMO-H3703-01.jpg	
H4400		1	POL. 70,09	HECLA HOEH	PMO-H4400-01.jpg	
H4432		1	POL. 70,09	HECLA HOEH	PMO-H4432-01.jpg	
H3863		1	POL. 70,09	HECLA HOEH	PMO-H3863-01.jpg	
H3814		1	POL. 70,09	HECLA HOEH	PMO-H3814-01.jpg	
H1005		1	POL. 70,09	HECLA HOEH	PMO-H1005-01.jpg	
H3837		1	POL. 70,09	HECLA HOEH	PMO-H3837-01.jpg	
H1002		1	POL. 70,09	HECLA HOEH	PMO-H1002-01.jpg	
H3654		1	POL. 70,09	HECLA HOEH	PMO-H3654-01.jpg	
H4433		1	POL. 70,09	HECLA HOEH	PMO-H4433-01.jpg	
H3704		1	POL. 70,09	HECLA HOEH	PMO-H3704-01.jpg	
H4427		1	POL. 70,09	HECLA HOEH	PMO-H4427-01.jpg	
H4435		1	POL. 70,09	HECLA HOEH	PMO-H4435-01.jpg	
H3644		1	POL. 70,09	HECLA HOEH	PMO-H3644-01.jpg	
H4424		1	POL. 70,09	HECLA HOEH	PMO-H4424-01.jpg	
H3846		1	POL. 70,09	HECLA HOEH	PMO-H3846-01.jpg	
H4430		1	POL. 70,09	HECLA HOEH	PMO-H4430-01.jpg	
H3705		1	POL. 70,09	HECLA HOEH	PMO-H3705-01.jpg	
H3698		1	POL. 70,09	HECLA HOEH	PMO-H3698-01.jpg	
H4419		1	POL. 70,09	HECLA HOEH	PMO-H4419-01.jpg	
231.804		1	POL. 70,14	HORNSUND	PMO-231.804-01.jpg	
231.811		1	POL. 70,14	HORNSUND	PMO-231.811-01.jpg	
231.803		1	POL. 70,14	HORNSUND	PMO-231.803-01.jpg	
231.802		1	POL. 70,14	HORNSUND	PMO-231.802-01.jpg	
231.817		1	POL. 70,14	HORNSUND	PMO-231.817-01.jpg	
231.815		1	POL. 70,14	HORNSUND	PMO-231.815-01.jpg	
231.818		1	POL. 70,14	HORNSUND	PMO-231.818-01.jpg	
231.816		1	POL. 70,14	HORNSUND	PMO-231.816-01.jpg	
231.819		1	POL. 70,14	HORNSUND	PMO-231.819-01.jpg	
231.810		1	POL. 70,14	HORNSUND	PMO-231.810-01.jpg	
231.805		1	POL. 70,14	HORNSUND	PMO-231.805-01.jpg	
231.809		1	POL. 70,14	HORNSUND	PMO-231.809-01.jpg	
231.808		1	POL. 70,14	HORNSUND	PMO-231.808-01.jpg	
231.807		1	POL. 70,14	HORNSUND	PMO-231.807-01.jpg	
231.806		1	POL. 70,14	HORNSUND	PMO-231.806-01.jpg	
231.823		1	POL. 70,14	HORNSUND	PMO-231.823-01.jpg	
231.822		1	POL. 70,14	HORNSUND	PMO-231.822-01.jpg	
231.824		1	POL. 70,14	HORNSUND	PMO-231.824-01.jpg	
231.825		1	POL. 70,14	HORNSUND	PMO-231.825-01.jpg	
231.826		1	POL. 70,14	HORNSUND	PMO-231.826-01.jpg	
231.821		1	POL. 70,14	HORNSUND	PMO-231.821-01.jpg	
231.820		1	POL. 70,14	HORNSUND	PMO-231.820-01.jpg	
A25771		1	POL. 70,14	HORNSUND	PMO-A25771-01.jpg	
A25771		2	POL. 70,14	HORNSUND	A25771__2_Label.jpg	
A25773		1	POL. 70,14	HORNSUND	PMO-A25773-01.jpg	
A25773		2	POL. 70,14	HORNSUND	A25773__2_Label.jpg	
231.812		1	POL. 70,14	HORNSUND	PMO-231.812-01.jpg	
231.813		1	POL. 70,14	HORNSUND	PMO-231.813-01.jpg	
231.814		1	POL. 70,14	HORNSUND	PMO-231.814-01.jpg	
231.814		2	POL. 70,14	HORNSUND	PMO 231.814__2_Label.jpg	
231.827		1	POL. 70,14	HORNSUND	PMO-231.827-01.jpg	
231.834		1	POL. 70,15	TOKROSSØIA	PMO-231.834-01.jpg	
231.840		1	POL. 70,15	TOKROSSØIA	PMO-231.840-01.jpg	
231.841		1	POL. 70,15	TOKROSSØIA	PMO-231.841-01.jpg	
231.842		1	POL. 70,15	TOKROSSØIA	PMO-231.842-01.jpg	
231.836		1	POL. 70,15	TOKROSSØIA	PMO-231.836-01.jpg	
231.830		1	POL. 70,15	TOKROSSØIA	PMO-231.830-01.jpg	
231.838		1	POL. 70,15	TOKROSSØIA	PMO-231.838-01.jpg	
231.835		1	POL. 70,15	TOKROSSØIA	PMO-231.835-01.jpg	
231.829		1	POL. 70,15	TOKROSSØIA	PMO-231.829-01.jpg	
231.831		1	POL. 70,15	TOKROSSØIA	PMO-231.831-01.jpg	
231.832		1	POL. 70,15	TOKROSSØIA	PMO-231.832-01.jpg	
231.833		1	POL. 70,15	TOKROSSØIA	PMO-231.833-01.jpg	
231.839		1	POL. 70,15	TOKROSSØIA	PMO-231.839-01.jpg	
231.828		1	POL. 70,15	TOKROSSØIA	PMO-231.828-01.jpg	
231.837		1	POL. 70,15	TOKROSSØIA	PMO-231.837-01.jpg	
231.999		1	POL. 69,16	Fjellet N for Kistefjell	PMO-231.999-01.jpg	
232.006		1	POL. 69,16	Fjellet N for Kistefjell	PMO-232.006-01.jpg	
232.004		1	POL. 69,16	Fjellet N for Kistefjell	PMO-232.004-01.jpg	
231.996		1	POL. 69,16	Fjellet N for Kistefjell	PMO-231.996-01.jpg	
232.003		1	POL. 69,16	Fjellet N for Kistefjell	PMO-232.003-01.jpg	
231.998		1	POL. 69,16	Fjellet N for Kistefjell	PMO-231.998-01.jpg	
231.997		1	POL. 69,16	Fjellet N for Kistefjell	PMO-231.997-01.jpg	
232.005		1	POL. 69,16	Fjellet N for Kistefjell	PMO-232.005-01.jpg	
232.007		1	POL. 69,16	Fjellet N for Kistefjell	PMO-232.007-01.jpg	
232.000		1	POL. 69,16	Fjellet N for Kistefjell	PMO-232.000-01.jpg	
232.001		1	POL. 69,16	Fjellet N for Kistefjell	PMO-232.001-01.jpg	
232.002		1	POL. 69,16	Fjellet N for Kistefjell	PMO-232.002-01.jpg	
231.544		1	POL. 70,27		PMO-231.544-01.tif	
231.547		1	POL. 70,27		PMO-231.547-01.tif	
231.548		1	POL. 70,27		PMO-231.548-01.tif	
231.542		1	POL. 70,27		PMO-231.542-01.tif	
231.538		1	POL. 70,27		PMO-231.538-01.tif	
231.545		1	POL. 70,27		PMO-231.545-01.tif	
231.543		1	POL. 70,27		PMO-231.543-01.tif	
231.546		1	POL. 70,27		PMO-231.546-01.tif	
231.539		1	POL. 70,27		PMO-231.539-01.tif	
231.540		1	POL. 70,27		PMO-231.540-01.tif	
231.541		1	POL. 70,27		PMO-231.541-01.tif	
231.536		1	POL. 70,28	Hornsund. Karbon/perm	PMO-231.536-01.jpg	
231.537		1	POL. 70,28	Hornsund. Karbon/perm	PMO-231.537-01.jpg	
231.549		1	POL. 70,28	Hornsund. Karbon/perm	PMO-231.549-01.jpg	
231.551		1	POL. 70,28	Hornsund. Karbon/perm	PMO-231.551-01.jpg	
231.552		1	POL. 70,28	Hornsund. Karbon/perm	PMO-231.552-01.jpg	
231.558		1	POL. 70,28	Hornsund. Karbon/perm	PMO-231.558-01.jpg	
231.553		1	POL. 70,28	Hornsund. Karbon/perm	PMO-231.553-01.jpg	
231.550		1	POL. 70,28	Hornsund. Karbon/perm	PMO-231.550-01.jpg	
231.561		1	POL. 70,28	Hornsund. Karbon/perm	PMO-231.561-01.jpg	
231.560		1	POL. 70,28	Hornsund. Karbon/perm	PMO-231.560-01.jpg	
231.559		1	POL. 70,28	Hornsund. Karbon/perm	PMO-231.559-01.jpg	
A10267		1	POL. 70,28	Hornsund. Karbon/perm	PMO-A10267-01.jpg	
A10266		1	POL. 70,28	Hornsund. Karbon/perm	PMO-A10266-01.jpg	
A10265		1	POL. 70,28	Hornsund. Karbon/perm	PMO-A10265-01.jpg	
A10271		1	POL. 70,28	Hornsund. Karbon/perm	PMO-A10271-01.jpg	
A10264		1	POL. 70,28	Hornsund. Karbon/perm	PMO-A10264-01.jpg	
A10270		1	POL. 70,28	Hornsund. Karbon/perm	PMO-A10270-01.jpg	
A10269		1	POL. 70,28	Hornsund. Karbon/perm	PMO-A10269-01.jpg	
A10268		1	POL. 70,28	Hornsund. Karbon/perm	PMO-A10268-01.jpg	
A25851		1	POL. 70,28	Hornsund. Karbon/perm	PMO-A25851-01.jpg	
231.557		1	POL. 70,28	Hornsund. Karbon/perm	PMO-231.557-01.jpg	
231.554		1	POL. 70,28	Hornsund. Karbon/perm	PMO 231.554-01.jpg	
231.555		1	POL. 70,28	Hornsund. Karbon/perm	PMO-231.555-01.jpg	
231.556		1	POL. 70,28	Hornsund. Karbon/perm	PMO-231.556-01.jpg	
A25429		1	POL. 70,28	Hornsund. Karbon/perm	PMO-A25429-01.jpg	
A25431		1	POL. 70,28	Hornsund. Karbon/perm	PMO-A25431-01.jpg	
A25422		1	POL. 70,28	Hornsund. Karbon/perm	PMO-A25422-01.jpg	
A25422		1	POL. 70,28	Hornsund. Karbon/perm	PMO-A25422-01.jpg	
A25425		1	POL. 70,28	Hornsund. Karbon/perm	PMO-A25425-01.jpg	
A10281		1	POL. 70,28	Hornsund. Karbon/perm	PMO-A10281-01.jpg	
A10282		1	POL. 70,28	Hornsund. Karbon/perm	PMO-A10282-01.jpg	
A10283		1	POL. 70,28	Hornsund. Karbon/perm	PMO-A10283-01.jpg	
A10284		1	POL. 70,28	Hornsund. Karbon/perm	PMO-A10284-01.jpg	
A10285		1	POL. 70,28	Hornsund. Karbon/perm	PMO-A10285-01.jpg	
A10286		1	POL. 70,28	Hornsund. Karbon/perm	PMO-A10286-01.jpg	
A10287		1	POL. 70,28	Hornsund. Karbon/perm	PMO-A10287-01.jpg	
A25361		1	POL. 70,20	Hornsund-Treskelen. Karb./Perm/Trias	PMO-A25361-01.jpg	
A25370		1	POL. 70,20	Hornsund-Treskelen. Karb./Perm/Trias	PMO-A25370-01.jpg	
A25322		1	POL. 70,20	Hornsund-Treskelen. Karb./Perm/Trias	PMO-A25322-01.jpg	
A25230		1	POL. 70,20	Hornsund-Treskelen. Karb./Perm/Trias	PMO-A25230-01.jpg	
A25215		1	POL. 70,20	Hornsund-Treskelen. Karb./Perm/Trias	PMO-A25215-01.jpg	
A25245		1	POL. 70,20	Hornsund-Treskelen. Karb./Perm/Trias	PMO-A25245-01.jpg	
A25351		1	POL. 70,20	Hornsund-Treskelen. Karb./Perm/Trias	PMO-A25351-01.jpg	
A25373		1	POL. 70,20	Hornsund-Treskelen. Karb./Perm/Trias	PMO-A25373-01.jpg	
A25399		1	POL. 70,20	Hornsund-Treskelen. Karb./Perm/Trias	PMO-A25399-01.jpg	
A25344		1	POL. 70,20	Hornsund-Treskelen. Karb./Perm/Trias	PMO-A25344-01.jpg	
A25298		1	POL. 70,20	Hornsund-Treskelen. Karb./Perm/Trias	PMO-A25298-01.jpg	
A25358		1	POL. 70,20	Hornsund-Treskelen. Karb./Perm/Trias	PMO-A25358-01.jpg	
A25388		1	POL. 70,20	Hornsund-Treskelen. Karb./Perm/Trias	PMO-A25388-01.jpg	
A25208		1	POL. 70,20	Hornsund-Treskelen. Karb./Perm/Trias	PMO-A25208-01.jpg	
A25379		1	POL. 70,20	Hornsund-Treskelen. Karb./Perm/Trias	PMO-A25379-01.jpg	
A25211		1	POL. 70,20	Hornsund-Treskelen. Karb./Perm/Trias	PMO-A25211-01.jpg	
A25281		1	POL. 70,20	Hornsund-Treskelen. Karb./Perm/Trias	PMO-A25281-01.jpg	
A25255		1	POL. 70,20	Hornsund-Treskelen. Karb./Perm/Trias	PMO-A25255-01.jpg	
A25306		1	POL. 70,20	Hornsund-Treskelen. Karb./Perm/Trias	PMO-A25306-01.jpg	
A25233		1	POL. 70,20	Hornsund-Treskelen. Karb./Perm/Trias	PMO-A25233-01.jpg	
A25356		1	POL. 70,20	Hornsund-Treskelen. Karb./Perm/Trias	PMO-A25356-01.jpg	
A25303		1	POL. 70,20	Hornsund-Treskelen. Karb./Perm/Trias	PMO-A25303-01.jpg	
A25346		1	POL. 70,20	Hornsund-Treskelen. Karb./Perm/Trias	PMO-A25346-01.jpg	
A25238		1	POL. 70,20	Hornsund-Treskelen. Karb./Perm/Trias	PMO-A25238-01.jpg	
A25407		1	POL. 70,20	Hornsund-Treskelen. Karb./Perm/Trias	PMO-A25407-01.jpg	
A25315		1	POL. 70,20	Hornsund-Treskelen. Karb./Perm/Trias	PMO-A25315-01.jpg	
A25386		1	POL. 70,20	Hornsund-Treskelen. Karb./Perm/Trias	PMO-A25386-01.jpg	
A25235		1	POL. 70,20	Hornsund-Treskelen. Karb./Perm/Trias	PMO-A25235-01.jpg	
A25347		1	POL. 70,20	Hornsund-Treskelen. Karb./Perm/Trias	PMO-A25347-01.jpg	
A25259		1	POL. 70,20	Hornsund-Treskelen. Karb./Perm/Trias	PMO-A25259-01.jpg	
A25295		1	POL. 70,20	Hornsund-Treskelen. Karb./Perm/Trias	PMO-A25295-01.jpg	
A25219		1	POL. 70,20	Hornsund-Treskelen. Karb./Perm/Trias	PMO-A25219-01.jpg	
A25258		1	POL. 70,20	Hornsund-Treskelen. Karb./Perm/Trias	PMO-A25258-01.jpg	
A25357		1	POL. 70,20	Hornsund-Treskelen. Karb./Perm/Trias	PMO-A25357-01.jpg	
A25323		1	POL. 70,20	Hornsund-Treskelen. Karb./Perm/Trias	PMO-A25323-01.jpg	
A25260		1	POL. 70,20	Hornsund-Treskelen. Karb./Perm/Trias	PMO-A25260-01.jpg	
A25242		1	POL. 70,20	Hornsund-Treskelen. Karb./Perm/Trias	PMO-A25242-01.jpg	
A25253		1	POL. 70,20	Hornsund-Treskelen. Karb./Perm/Trias	PMO-A25253-01.jpg	
A25313		1	POL. 70,20	Hornsund-Treskelen. Karb./Perm/Trias	PMO-A25313-01.jpg	
A25251		1	POL. 70,20	Hornsund-Treskelen. Karb./Perm/Trias	PMO-A25251-01.jpg	
A25308		1	POL. 70,20	Hornsund-Treskelen. Karb./Perm/Trias	PMO-A25308-01.jpg	
A25368		1	POL. 70,20	Hornsund-Treskelen. Karb./Perm/Trias	PMO-A25368-01.jpg	
A25384		1	POL. 70,20	Hornsund-Treskelen. Karb./Perm/Trias	PMO-A25384-01.jpg	
A25387		1	POL. 70,20	Hornsund-Treskelen. Karb./Perm/Trias	PMO-A25387-01.jpg	
A25395		1	POL. 70,20	Hornsund-Treskelen. Karb./Perm/Trias	PMO-A25395-01.jpg	
A25213		1	POL. 70,20	Hornsund-Treskelen. Karb./Perm/Trias	PMO-A25213-01.jpg	
A25396		1	POL. 70,20	Hornsund-Treskelen. Karb./Perm/Trias	PMO-A25396-01.jpg	
A25353		1	POL. 70,20	Hornsund-Treskelen. Karb./Perm/Trias	PMO-A25353-01.jpg	
A25229		1	POL. 70,20	Hornsund-Treskelen. Karb./Perm/Trias	PMO-A25229-01.jpg	
A25349		1	POL. 70,20	Hornsund-Treskelen. Karb./Perm/Trias	PMO-A25349-01.jpg	
A25232		1	POL. 70,20	Hornsund-Treskelen. Karb./Perm/Trias	PMO-A25232-01.jpg	
A25300		1	POL. 70,20	Hornsund-Treskelen. Karb./Perm/Trias	PMO-A25300-01.jpg	
A25334		1	POL. 70,20	Hornsund-Treskelen. Karb./Perm/Trias	PMO-A25334-01.jpg	
A25333		1	POL. 70,20	Hornsund-Treskelen. Karb./Perm/Trias	PMO-A25333-01.jpg	
A25377		1	POL. 70,20	Hornsund-Treskelen. Karb./Perm/Trias	PMO-A25377-01.jpg	
A25335		1	POL. 70,20	Hornsund-Treskelen. Karb./Perm/Trias	PMO-A25335-01.jpg	
A25223		1	POL. 70,20	Hornsund-Treskelen. Karb./Perm/Trias	PMO-A25223-01.jpg	
A25247		1	POL. 70,20	Hornsund-Treskelen. Karb./Perm/Trias	PMO-A25247-01.jpg	
A25231		1	POL. 70,20	Hornsund-Treskelen. Karb./Perm/Trias	PMO-A25231-01.jpg	
A25221		1	POL. 70,20	Hornsund-Treskelen. Karb./Perm/Trias	PMO-A25221-01.jpg	
A25226		1	POL. 70,20	Hornsund-Treskelen. Karb./Perm/Trias	PMO-A25226-01.jpg	
A25246		1	POL. 70,20	Hornsund-Treskelen. Karb./Perm/Trias	PMO-A25246-01.jpg	
A25278		1	POL. 70,20	Hornsund-Treskelen. Karb./Perm/Trias	PMO-A25278-01.jpg	
A25266		1	POL. 70,20	Hornsund-Treskelen. Karb./Perm/Trias	PMO-A25266-01.jpg	
A25279		1	POL. 70,20	Hornsund-Treskelen. Karb./Perm/Trias	PMO-A25279-01.jpg	
A25227		1	POL. 70,20	Hornsund-Treskelen. Karb./Perm/Trias	PMO-A25227-01.jpg	
A25284		1	POL. 70,20	Hornsund-Treskelen. Karb./Perm/Trias	PMO-A25284-01.jpg	
A25243		1	POL. 70,20	Hornsund-Treskelen. Karb./Perm/Trias	PMO-A25243-01.jpg	
A25261		1	POL. 70,20	Hornsund-Treskelen. Karb./Perm/Trias	PMO-A25261-01.jpg	
A25244		1	POL. 70,20	Hornsund-Treskelen. Karb./Perm/Trias	PMO-A25244-01.jpg	
A25277		1	POL. 70,20	Hornsund-Treskelen. Karb./Perm/Trias	PMO-A25277-01.jpg	
A25267		1	POL. 70,20	Hornsund-Treskelen. Karb./Perm/Trias	PMO-A25267-01.jpg	
A25264		1	POL. 70,20	Hornsund-Treskelen. Karb./Perm/Trias	PMO-A25264-01.jpg	
A25248		1	POL. 70,20	Hornsund-Treskelen. Karb./Perm/Trias	PMO-A25248-01.jpg	
A25342		1	POL. 70,22	Hornsund-Treskelen. Karb./Perm/Trias	PMO-A25342-01.jpg	
A25362		1	POL. 70,22	Hornsund-Treskelen. Karb./Perm/Trias	PMO-A25362-01.jpg	
A25320		1	POL. 70,22	Hornsund-Treskelen. Karb./Perm/Trias	PMO-A25320-01.jpg	
A25345		1	POL. 70,22	Hornsund-Treskelen. Karb./Perm/Trias	PMO-A25345-01.jpg	
A25371		1	POL. 70,22	Hornsund-Treskelen. Karb./Perm/Trias	PMO-A25371-01.jpg	
A25367		1	POL. 70,22	Hornsund-Treskelen. Karb./Perm/Trias	PMO-A25367-01.jpg	
A25254		1	POL. 70,22	Hornsund-Treskelen. Karb./Perm/Trias	PMO-A25254-01.jpg	
A25291		1	POL. 70,22	Hornsund-Treskelen. Karb./Perm/Trias	PMO-A25291-01.jpg	
A25857		1	POL. 70,22	Hornsund-Treskelen. Karb./Perm/Trias	PMO-A25857-01.jpg	
A25340		1	POL. 70,22	Hornsund-Treskelen. Karb./Perm/Trias	PMO-A25340-01.jpg	
A25293		1	POL. 70,22	Hornsund-Treskelen. Karb./Perm/Trias	PMO-A25293-01.jpg	
A25302		1	POL. 70,22	Hornsund-Treskelen. Karb./Perm/Trias	PMO-A25302-01.jpg	
A25858		1	POL. 70,22	Hornsund-Treskelen. Karb./Perm/Trias	PMO-A25858-01.jpg	
A25856		1	POL. 70,22	Hornsund-Treskelen. Karb./Perm/Trias	PMO-A25856-01.jpg	
A25341		1	POL. 70,22	Hornsund-Treskelen. Karb./Perm/Trias	PMO-A25341-01.jpg	
A25863		1	POL. 70,22	Hornsund-Treskelen. Karb./Perm/Trias	PMO-A25863-01.jpg	
A25859		1	POL. 70,22	Hornsund-Treskelen. Karb./Perm/Trias	PMO-A25859-01.jpg	
A25195		1	POL. 70,22	Hornsund-Treskelen. Karb./Perm/Trias	PMO-A25195-01.jpg	
A25202		1	POL. 70,22	Hornsund-Treskelen. Karb./Perm/Trias	PMO-A25202-01.jpg	
A25239		1	POL. 70,22	Hornsund-Treskelen. Karb./Perm/Trias	PMO-A25239-01.jpg	
A25274		1	POL. 70,22	Hornsund-Treskelen. Karb./Perm/Trias	PMO-A25274-01.jpg	
A25383		1	POL. 70,22	Hornsund-Treskelen. Karb./Perm/Trias	PMO-A25383-01.jpg	
A25305		1	POL. 70,22	Hornsund-Treskelen. Karb./Perm/Trias	PMO-A25305-01.jpg	
A25301		1	POL. 70,22	Hornsund-Treskelen. Karb./Perm/Trias	PMO-A25301-01.jpg	
A25294		1	POL. 70,22	Hornsund-Treskelen. Karb./Perm/Trias	PMO-A25294-01.jpg	
A25201		1	POL. 70,22	Hornsund-Treskelen. Karb./Perm/Trias	PMO-A25201-01.jpg	
A25316		1	POL. 70,22	Hornsund-Treskelen. Karb./Perm/Trias	PMO-A25316-01.jpg	
A25256		1	POL. 70,22	Hornsund-Treskelen. Karb./Perm/Trias	PMO-A25256-01.jpg	
A25200		1	POL. 70,22	Hornsund-Treskelen. Karb./Perm/Trias	PMO-A25200-01.jpg	
A25272		1	POL. 70,22	Hornsund-Treskelen. Karb./Perm/Trias	PMO-A25272-01.jpg	
A25365		1	POL. 70,22	Hornsund-Treskelen. Karb./Perm/Trias	PMO-A25365-01.jpg	
A25240		1	POL. 70,22	Hornsund-Treskelen. Karb./Perm/Trias	PMO-A25240-01.jpg	
A25331		1	POL. 70,22	Hornsund-Treskelen. Karb./Perm/Trias	PMO-A25331-01.jpg	
A25321		1	POL. 70,22	Hornsund-Treskelen. Karb./Perm/Trias	PMO-A25321-01.jpg	
A25363		1	POL. 70,22	Hornsund-Treskelen. Karb./Perm/Trias	PMO-A25363-01.jpg	
A25210		1	POL. 70,22	Hornsund-Treskelen. Karb./Perm/Trias	PMO-A25210-01.jpg	
A25018		1	POL. 70,22	Hornsund-Treskelen. Karb./Perm/Trias	PMO-A25018-01.jpg	
A25224		1	POL. 70,22	Hornsund-Treskelen. Karb./Perm/Trias	PMO-A25224-01.jpg	
A25304		1	POL. 70,22	Hornsund-Treskelen. Karb./Perm/Trias	PMO-A25304-01.jpg	
A25217		1	POL. 70,22	Hornsund-Treskelen. Karb./Perm/Trias	PMO-A25217-01.jpg	
A25394		1	POL. 70,22	Hornsund-Treskelen. Karb./Perm/Trias	PMO-A25394-01.jpg	
A25337		1	POL. 70,22	Hornsund-Treskelen. Karb./Perm/Trias	PMO-A25337-01.jpg	
A25220		1	POL. 70,22	Hornsund-Treskelen. Karb./Perm/Trias	PMO-A25220-01.jpg	
A25338		1	POL. 70,22	Hornsund-Treskelen. Karb./Perm/Trias	PMO-A25338-01.jpg	
A25381		1	POL. 70,22	Hornsund-Treskelen. Karb./Perm/Trias	PMO-A25381-01.jpg	
A25311		1	POL. 70,22	Hornsund-Treskelen. Karb./Perm/Trias	PMO-A25311-01.jpg	
A25378		1	POL. 70,22	Hornsund-Treskelen. Karb./Perm/Trias	PMO-A25378-01.jpg	
A25402		1	POL. 70,22	Hornsund-Treskelen. Karb./Perm/Trias	PMO-A25402-01.jpg	
A25366		1	POL. 70,22	Hornsund-Treskelen. Karb./Perm/Trias	PMO-A25366-01.jpg	
A25380		1	POL. 70,22	Hornsund-Treskelen. Karb./Perm/Trias	PMO-A25380-01.jpg	
A25393		1	POL. 70,22	Hornsund-Treskelen. Karb./Perm/Trias	PMO-A25393-01.jpg	
A25391		1	POL. 70,22	Hornsund-Treskelen. Karb./Perm/Trias	PMO-A25391-01.jpg	
A25390		1	POL. 70,22	Hornsund-Treskelen. Karb./Perm/Trias	PMO-A25390-01.jpg	
A25372		1	POL. 70,22	Hornsund-Treskelen. Karb./Perm/Trias	PMO-A25372-01.jpg	
A25392		1	POL. 70,22	Hornsund-Treskelen. Karb./Perm/Trias	PMO-A25392-01.jpg	
A25339		1	POL. 70,22	Hornsund-Treskelen. Karb./Perm/Trias	PMO-A25339-01.jpg	
A25369		1	POL. 70,22	Hornsund-Treskelen. Karb./Perm/Trias	PMO-A25369-01.jpg	
A25352		1	POL. 70,22	Hornsund-Treskelen. Karb./Perm/Trias	PMO-A25352-01.jpg	
A25374		1	POL. 70,22	Hornsund-Treskelen. Karb./Perm/Trias	PMO-A25374-01.jpg	
A25385		1	POL. 70,22	Hornsund-Treskelen. Karb./Perm/Trias	PMO-A25385-01.jpg	
A25317		1	POL. 70,22	Hornsund-Treskelen. Karb./Perm/Trias	PMO-A25317-01.jpg	
A25307		1	POL. 70,22	Hornsund-Treskelen. Karb./Perm/Trias	PMO-A25307-01.jpg	
A25309		1	POL. 70,22	Hornsund-Treskelen. Karb./Perm/Trias	PMO-A25309-01.jpg	
A25314		1	POL. 70,22	Hornsund-Treskelen. Karb./Perm/Trias	PMO-A25314-01.jpg	
A25376		1	POL. 70,22	Hornsund-Treskelen. Karb./Perm/Trias	PMO-A25376-01.jpg	
A25312		1	POL. 70,22	Hornsund-Treskelen. Karb./Perm/Trias	PMO-A25312-01.jpg	
A25359		1	POL. 70,22	Hornsund-Treskelen. Karb./Perm/Trias	PMO-A25359-01.jpg	
A25285		1	POL. 70,22	Hornsund-Treskelen. Karb./Perm/Trias	PMO-A25285-01.jpg	
A25214		1	POL. 70,22	Hornsund-Treskelen. Karb./Perm/Trias	PMO-A25214-01.jpg	
A25343		1	POL. 70,22	Hornsund-Treskelen. Karb./Perm/Trias	PMO-A25343-01.jpg	
A25375		1	POL. 70,22	Hornsund-Treskelen. Karb./Perm/Trias	PMO-A25375-01.jpg	
A25287		1	POL. 70,22	Hornsund-Treskelen. Karb./Perm/Trias	PMO-A25287-01.jpg	
A25310		1	POL. 70,22	Hornsund-Treskelen. Karb./Perm/Trias	PMO-A25310-01.jpg	
A25350		1	POL. 70,22	Hornsund-Treskelen. Karb./Perm/Trias	PMO-A25350-01.jpg	
A25263		1	POL. 70,22	Hornsund-Treskelen. Karb./Perm/Trias	PMO-A25263-01.jpg	
A25382		1	POL. 70,22	Hornsund-Treskelen. Karb./Perm/Trias	PMO-A25382-01.jpg	
A25273		1	POL. 70,22	Hornsund-Treskelen. Karb./Perm/Trias	PMO-A25273-01.jpg	
A25348		1	POL. 70,22	Hornsund-Treskelen. Karb./Perm/Trias	PMO-A25348-01.jpg	
A25225		1	POL. 70,22	Hornsund-Treskelen. Karb./Perm/Trias	PMO-A25225-01.jpg	
A25401		1	POL. 70,22	Hornsund-Treskelen. Karb./Perm/Trias	PMO-A25401-01.jpg	
A25236		1	POL. 70,22	Hornsund-Treskelen. Karb./Perm/Trias	PMO-A25236-01.jpg	
A25265		1	POL. 70,22	Hornsund-Treskelen. Karb./Perm/Trias	PMO-A25265-01.jpg	
A25209		1	POL. 70,22	Hornsund-Treskelen. Karb./Perm/Trias	PMO-A25209-01.jpg	
A25186		1	POL. 70,22	Hornsund-Treskelen. Karb./Perm/Trias	PMO-A25186-01.jpg	
A25861		1	POL. 70,22	Hornsund-Treskelen. Karb./Perm/Trias	PMO-A25861-01.jpg	
A25252		1	POL. 70,22	Hornsund-Treskelen. Karb./Perm/Trias	PMO-A25252-01.jpg	
A25332		1	POL. 70,22	Hornsund-Treskelen. Karb./Perm/Trias	PMO-A25332-01.jpg	
A25207		1	POL. 70,22	Hornsund-Treskelen. Karb./Perm/Trias	PMO-A25207-01.jpg	
A25860		1	POL. 70,22	Hornsund-Treskelen. Karb./Perm/Trias	PMO-A25860-01.jpg	
A25360		1	POL. 70,22	Hornsund-Treskelen. Karb./Perm/Trias	PMO-A25360-01.jpg	
A25275		1	POL. 70,22	Hornsund-Treskelen. Karb./Perm/Trias	PMO-A25275-01.jpg	
A25199		1	POL. 70,22	Hornsund-Treskelen. Karb./Perm/Trias	PMO-A25199-01.jpg	
A25772		1	POL. 70,22	Hornsund-Treskelen. Karb./Perm/Trias	PMO-A25772-01.jpg	
A25262		1	POL. 70,22	Hornsund-Treskelen. Karb./Perm/Trias	PMO-A25262-01.jpg	
A25196		1	POL. 70,22	Hornsund-Treskelen. Karb./Perm/Trias	PMO-A25196-01.jpg	
A25204		1	POL. 70,22	Hornsund-Treskelen. Karb./Perm/Trias	PMO-A25204-01.jpg	
A25117		1	POL. 70,24	Hornsund-Tresken	PMO-A25117-01.jpg	
A25118		1	POL. 70,24	Hornsund-Tresken	PMO-A25118-01.jpg	
A25119		1	POL. 70,24	Hornsund-Tresken	PMO-A25119-01.jpg	
A25120		1	POL. 70,24	Hornsund-Tresken	PMO-A25120-01.jpg	
A25122		1	POL. 70,24	Hornsund-Tresken	PMO-A25122-01.jpg	
A25126		1	POL. 70,24	Hornsund-Tresken	PMO-A25126-01.jpg	
A25128		1	POL. 70,24	Hornsund-Tresken	PMO-A25128-01.jpg	
A25135		1	POL. 70,24	Hornsund-Tresken	PMO-A25135-01.jpg	
A25620		1	POL. 70,24	Hornsund-Tresken	PMO-A25620-01.jpg	
A25171		1	POL. 70,24	Hornsund-Tresken	PMO-A25171-01.jpg	
A25179		1	POL. 70,24	Hornsund-Tresken	PMO-A25179-01.jpg	
A25638		1	POL. 70,24	Hornsund-Tresken	PMO-A25638-01.jpg	
A25639		1	POL. 70,24	Hornsund-Tresken	PMO-A25639-01.jpg	
A25640		1	POL. 70,24	Hornsund-Tresken	PMO-A25640-01.jpg	
A25651		1	POL. 70,24	Hornsund-Tresken	PMO-A25651-01.jpg	
A25668		1	POL. 70,24	Hornsund-Tresken	PMO-A25668-01.jpg	
A25669		1	POL. 70,24	Hornsund-Tresken	PMO-A25669-01.jpg	
A25155		1	POL. 70,24	Hornsund-Tresken	PMO-A25155-01.jpg	
A25689		1	POL. 70,24	Hornsund-Tresken	PMO-A25689-01.jpg	
A25134		1	POL. 70,24	Hornsund-Tresken	PMO-A25134-01.jpg	
A25154		1	POL. 70,24	Hornsund-Tresken	PMO-A25154-01.jpg	
A25156		1	POL. 70,24	Hornsund-Tresken	PMO-A25156-01.jpg	
A25157		1	POL. 70,24	Hornsund-Tresken	PMO-A25157-01.jpg	
A25621		1	POL. 70,24	Hornsund-Tresken	PMO-A25621-01.jpg	
A25676		1	POL. 70,24	Hornsund-Tresken	PMO-A25676-01.jpg	
A25683		1	POL. 70,24	Hornsund-Tresken	PMO-A25683-01.jpg	
A25624		1	POL. 70,24	Hornsund-Tresken	PMO-A25624-01.jpg	
A25625		1	POL. 70,24	Hornsund-Tresken	PMO-A25625-01.jpg	
A25627		1	POL. 70,24	Hornsund-Tresken	PMO-A25627-01.jpg	
A25633		1	POL. 70,24	Hornsund-Tresken	PMO-A25633-01.jpg	
A25650		1	POL. 70,24	Hornsund-Tresken	PMO-A25650-01.jpg	
A25662		1	POL. 70,24	Hornsund-Tresken	PMO-A25662-01.jpg	
A25684		1	POL. 70,24	Hornsund-Tresken	PMO-A25684-01.jpg	
A25685		1	POL. 70,24	Hornsund-Tresken	PMO-A25685-01.jpg	
A25687		1	POL. 70,24	Hornsund-Tresken	PMO-A25687-01.jpg	
A25691		1	POL. 70,24	Hornsund-Tresken	PMO-A25691-01.jpg	
A25644		1	POL. 70,24	Hornsund-Tresken	PMO-A25644-01.jpg	
A25648		1	POL. 70,24	Hornsund-Tresken	PMO-A25648-01.jpg	
A25680		1	POL. 70,24	Hornsund-Tresken	PMO-A25680-01.jpg	
A25121		1	POL. 70,24	Hornsund-Tresken	PMO-A25121-01.jpg	
A25138		1	POL. 70,24	Hornsund-Tresken	PMO-A25138-01.jpg	
A25680b		1	POL. 70,24	Hornsund-Tresken	PMO-A25680b-01.jpg	
A25680		2	POL. 70,24	Hornsund-Tresken	PMO-A25680-02.jpg	
A25640		2	POL. 70,24	Hornsund-Tresken	PMO-A25640-02.jpg	
A25638		2	POL. 70,24	Hornsund-Tresken	PMO-A25638-02.jpg	
A25120		2	POL. 70,24	Hornsund-Tresken	PMO-A25120-02.jpg	
A25639		2	POL. 70,24	Hornsund-Tresken	PMO-A25639-02.jpg	
A25157		2	POL. 70,24	Hornsund-Tresken	PMO-A25157-02.jpg	
A25126		2	POL. 70,24	Hornsund-Tresken	PMO-A25126-02.jpg	
A25126		2	POL. 70,24	Hornsund-Tresken	PMO-A25126-02.jpg	
A25621		2	POL. 70,24	Hornsund-Tresken	PMO-A25621-02.jpg	
A25648		2	POL. 70,24	Hornsund-Tresken	PMO-A25648-02.jpg	
A25128		2	POL. 70,24	Hornsund-Tresken	PMO-A25128-02.jpg	
A25155		2	POL. 70,24	Hornsund-Tresken	PMO-A25155-02.jpg	
A25423		1	POL. 70,24	Hornsund-Tresken	PMO-A25423-01.jpg	
A25179		2	POL. 70,24	Hornsund-Tresken	PMO-A25179-02.jpg	
A25632		1	POL. 70,24	Hornsund-Tresken	PMO-A25632-01.jpg	
A25689		2	POL. 70,24	Hornsund-Tresken	PMO-A25689-02.jpg	
A25135		2	POL. 70,24	Hornsund-Tresken	PMO-A25135-02.jpg	
A25625		2	POL. 70,24	Hornsund-Tresken	PMO-A25625-02.jpg	
A25624		2	POL. 70,24	Hornsund-Tresken	PMO-A25624-02.jpg	
A25622		1	POL. 70,24	Hornsund-Tresken	PMO-A25622-01.jpg	
A25171		2	POL. 70,24	Hornsund-Tresken	PMO-A25171-02.jpg	
A25169		1	POL. 70,24	Hornsund-Tresken	PMO-A25169-01.jpg	
A25540		1	POL. 70,24	Hornsund-Tresken	PMO-A25540-01.jpg	
A25164		1	POL. 70,24	Hornsund-Tresken	PMO-A25164-01.jpg	
A25165		1	POL. 70,24	Hornsund-Tresken	PMO-A25165-01.jpg	
A25538		1	POL. 70,24	Hornsund-Tresken	PMO-A25538-01.jpg	
A25539		1	POL. 70,24	Hornsund-Tresken	PMO-A25539-01.jpg	
A25699		1	POL. 70,24	Hornsund-Tresken	PMO-A25699-01.jpg	
231.726		1	POL. 70,25	Hornsund. Perm/Kapp Starostin FM. T. Hellem	PMO-231.726-01.jpg	
231.727		1	POL. 70,25	Hornsund. Perm/Kapp Starostin FM. T. Hellem	PMO-231.727-01.jpg	
231.728		1	POL. 70,25	Hornsund. Perm/Kapp Starostin FM. T. Hellem	PMO-231.728-01.jpg	
120.818		1	POL. 70,25	Hornsund. Perm/Kapp Starostin FM. T. Hellem	PMO-120.818-01.jpg	
120.809		1	POL. 70,25	Hornsund. Perm/Kapp Starostin FM. T. Hellem	PMO-120.809-01.jpg	
231.724		1	POL. 70,25	Hornsund. Perm/Kapp Starostin FM. T. Hellem	PMO-231.724-01.jpg	
231.725		1	POL. 70,25	Hornsund. Perm/Kapp Starostin FM. T. Hellem	PMO-231.725-01.jpg	
231.722		1	POL. 70,25	Hornsund. Perm/Kapp Starostin FM. T. Hellem	PMO-231.722-01.jpg	
231.723		1	POL. 70,25	Hornsund. Perm/Kapp Starostin FM. T. Hellem	PMO-231.723-01.jpg	
231.720		1	POL. 70,25	Hornsund. Perm/Kapp Starostin FM. T. Hellem	PMO-231.720-01.jpg	
231.721		1	POL. 70,25	Hornsund. Perm/Kapp Starostin FM. T. Hellem	PMO-231.721-01.jpg	
231.717		1	POL. 70,25	Hornsund. Perm/Kapp Starostin FM. T. Hellem	PMO-231.717-01.jpg	
231.718		1	POL. 70,25	Hornsund. Perm/Kapp Starostin FM. T. Hellem	PMO-231.718-01.jpg	
231.719		1	POL. 70,25	Hornsund. Perm/Kapp Starostin FM. T. Hellem	PMO-231.719-01.jpg	
231.715		1	POL. 70,25	Hornsund. Perm/Kapp Starostin FM. T. Hellem	PMO-231.715-01.jpg	
231.716		1	POL. 70,25	Hornsund. Perm/Kapp Starostin FM. T. Hellem	PMO-231.716-01.jpg	
231.712		1	POL. 70,25	Hornsund. Perm/Kapp Starostin FM. T. Hellem	PMO-231.712-01.jpg	
231.713		1	POL. 70,25	Hornsund. Perm/Kapp Starostin FM. T. Hellem	PMO-231.713-01.jpg	
231.714		1	POL. 70,25	Hornsund. Perm/Kapp Starostin FM. T. Hellem	PMO-231.714-01.jpg	
231.709		1	POL. 70,25	Hornsund. Perm/Kapp Starostin FM. T. Hellem	PMO-231.709-01.jpg	
231.710		1	POL. 70,25	Hornsund. Perm/Kapp Starostin FM. T. Hellem	PMO-231.710-01.jpg	
231.711		1	POL. 70,25	Hornsund. Perm/Kapp Starostin FM. T. Hellem	PMO-231.711-01.jpg	
231.708		1	POL. 70,25	Hornsund. Perm/Kapp Starostin FM. T. Hellem	PMO-231.708-01.jpg	
231.703		1	POL. 70,25	Hornsund. Perm/Kapp Starostin FM. T. Hellem	PMO-231.703-01.jpg	
231.702		1	POL. 70,25	Hornsund. Perm/Kapp Starostin FM. T. Hellem	PMO-231.702-01.jpg	
231.706		1	POL. 70,25	Hornsund. Perm/Kapp Starostin FM. T. Hellem	PMO-231.706-01.jpg	
231.704		1	POL. 70,25	Hornsund. Perm/Kapp Starostin FM. T. Hellem	PMO-231.704-01.jpg	
231.705		1	POL. 70,25	Hornsund. Perm/Kapp Starostin FM. T. Hellem	PMO-231.705-01.jpg	
231.707		1	POL. 70,25	Hornsund. Perm/Kapp Starostin FM. T. Hellem	PMO-231.707-01.jpg	
231.748		1	POL. 70,25	Hornsund. Perm/Kapp Starostin FM. T. Hellem	PMO-231.748-01.jpg	
A33232		1	Pol. 70,17	Øyrlandet-Siedlecki; Karb. perm.	PMO-A33232-01.jpg	
A28313-18		1	Pol. 70,17	Øyrlandet-Siedlecki; Karb. perm.	PMO-A28313-18-01.jpg	
A25094		1	Pol. 70,17	Øyrlandet-Siedlecki; Karb. perm.	PMO-A25094-01.jpg	
A25644		1	Pol. 70,17	Øyrlandet-Siedlecki; Karb. perm.	PMO-A25644-01.jpg	
A25171c		1	Pol. 70,17	Øyrlandet-Siedlecki; Karb. perm.	PMO-A25171c-01.jpg	
A25100		1	Pol. 70,17	Øyrlandet-Siedlecki; Karb. perm.	PMO-A25100-01.jpg	
A25057		1	Pol. 70,17	Øyrlandet-Siedlecki; Karb. perm.	PMO-A25057-01.jpg	
231.789		1	Pol. 70,17	Øyrlandet-Siedlecki; Karb. perm.	PMO-231.789-01.jpg	
231.789		1	Pol. 70,17	Øyrlandet-Siedlecki; Karb. perm.	PMO-231.789-01.jpg	
231.790		1	Pol. 70,17	Øyrlandet-Siedlecki; Karb. perm.	PMO-231.790-01.jpg	
231.788		1	Pol. 70,17	Øyrlandet-Siedlecki; Karb. perm.	PMO-231.788-01.jpg	
A33231		1	Pol. 70,17	Øyrlandet-Siedlecki; Karb. perm.	PMO-A33231-01.jpg	
A33223		1	Pol. 70,17	Øyrlandet-Siedlecki; Karb. perm.	PMO-A33223-01.jpg	
A33227		1	Pol. 70,17	Øyrlandet-Siedlecki; Karb. perm.	PMO-A33227-01.jpg	
A33229		1	Pol. 70,17	Øyrlandet-Siedlecki; Karb. perm.	PMO-A33229-01.jpg	
A33232		2	Pol. 70,17	Øyrlandet-Siedlecki; Karb. perm.	PMO-A33232-02.jpg	
A33230		1	Pol. 70,17	Øyrlandet-Siedlecki; Karb. perm.	PMO-A33230-01.jpg	
A25222		1	POL. 70,21	Hornsund-Treskelen; Brachypodon, Div. invertebrater	PMO-A25222-01.jpg	
A25222		1	POL. 70,21	Hornsund-Treskelen; Brachypodon, Div. invertebrater	PMO-A25222-01.jpg	
A25188		1	POL. 70,21	Hornsund-Treskelen; Brachypodon, Div. invertebrater	PMO-A25188-01.jpg	
A25193		1	POL. 70,21	Hornsund-Treskelen; Brachypodon, Div. invertebrater	PMO-A25193-01.jpg	
A25194		1	POL. 70,21	Hornsund-Treskelen; Brachypodon, Div. invertebrater	PMO-A25194-01.jpg	
A25198		1	POL. 70,21	Hornsund-Treskelen; Brachypodon, Div. invertebrater	PMO-A25198-01.jpg	
A25203		1	POL. 70,21	Hornsund-Treskelen; Brachypodon, Div. invertebrater	PMO-A25203-01.jpg	
A25865		1	POL. 70,21	Hornsund-Treskelen; Brachypodon, Div. invertebrater	PMO-A25865-01.jpg	
25864		1	POL. 70,21	Hornsund-Treskelen; Brachypodon, Div. invertebrater	PMO-25864-01.jpg	
A25189		1	POL. 70,21	Hornsund-Treskelen; Brachypodon, Div. invertebrater	PMO-A25189-01.jpg	
A25250		1	POL. 70,21	Hornsund-Treskelen; Brachypodon, Div. invertebrater	PMO-A25250-01.jpg	
A25280		1	POL. 70,21	Hornsund-Treskelen; Brachypodon, Div. invertebrater	PMO-A25280-01.jpg	
A25191		1	POL. 70,21	Hornsund-Treskelen; Brachypodon, Div. invertebrater	PMO-A25191-01.jpg	
A25190		1	POL. 70,21	Hornsund-Treskelen; Brachypodon, Div. invertebrater	PMO-A25190-01.jpg	
A25206		1	POL. 70,21	Hornsund-Treskelen; Brachypodon, Div. invertebrater	PMO-A25206-01.jpg	
A25249		1	POL. 70,21	Hornsund-Treskelen; Brachypodon, Div. invertebrater	PMO-A25249-01.jpg	
A25228		1	POL. 70,21	Hornsund-Treskelen; Brachypodon, Div. invertebrater	PMO-A25228-01.jpg	
25866		1	POL. 70,21	Hornsund-Treskelen; Brachypodon, Div. invertebrater	PMO-25866-01.jpg	
A25187		1	POL. 70,21	Hornsund-Treskelen; Brachypodon, Div. invertebrater	PMO-A25187-01.jpg	
A25205		1	POL. 70,21	Hornsund-Treskelen; Brachypodon, Div. invertebrater	PMO-A25205-01.jpg	
A25269		1	POL. 70,21	Hornsund-Treskelen; Brachypodon, Div. invertebrater	PMO-A25269-01.jpg	
A25257		1	POL. 70,21	Hornsund-Treskelen; Brachypodon, Div. invertebrater	PMO-A25257-01.jpg	
A25270		1	POL. 70,21	Hornsund-Treskelen; Brachypodon, Div. invertebrater	PMO-A25270-01.jpg	
A25271		1	POL. 70,21	Hornsund-Treskelen; Brachypodon, Div. invertebrater	PMO-A25271-01.jpg	
A25192		1	POL. 70,21	Hornsund-Treskelen; Brachypodon, Div. invertebrater	PMO-A25192-01.jpg	
A25218		1	POL. 70,21	Hornsund-Treskelen; Brachypodon, Div. invertebrater	PMO-A25218-01.jpg	
A25389		1	POL. 70,21	Hornsund-Treskelen; Brachypodon, Div. invertebrater	PMO-A25389-01.jpg	
A25336		1	POL. 70,21	Hornsund-Treskelen; Brachypodon, Div. invertebrater	PMO-A25336-01.jpg	
A25364		1	POL. 70,21	Hornsund-Treskelen; Brachypodon, Div. invertebrater	PMO-A25364-01.jpg	
A25197		1	POL. 70,21	Hornsund-Treskelen; Brachypodon, Div. invertebrater	PMO-A25197-01.jpg	
A25389		1	POL. 70,21	Hornsund-Treskelen; Brachypodon, Div. invertebrater	PMO-A25389-01.jpg	
A25212		1	POL. 70,21	Hornsund-Treskelen; Brachypodon, Div. invertebrater	PMO-A25212-01.jpg	
231.562		1	POL. 70,23	Sørkappøya; Brachyopoda; Karb. perm.	PMO-231.562-01.jpg	
231.562		2	POL. 70,23	Sørkappøya; Brachyopoda; Karb. perm.	PMO-231.562-02.jpg	
A9777		1	POL. 70,23	Sørkappøya; Brachyopoda; Karb. perm.	PMO-A9777-01.jpg	
A9786		1	POL. 70,23	Sørkappøya; Brachyopoda; Karb. perm.	PMO-A9786-01.jpg	
A9823		1	POL. 70,23	Sørkappøya; Brachyopoda; Karb. perm.	PMO-A9823-01.jpg	
A9822		1	POL. 70,23	Sørkappøya; Brachyopoda; Karb. perm.	PMO-A9822-01.jpg	
231.565		1	POL. 70,23	Sørkappøya; Brachyopoda; Karb. perm.	PMO-231.565-01.jpg	
231.566		1	POL. 70,23	Sørkappøya; Brachyopoda; Karb. perm.	PMO-231.566-01.jpg	
231.564		1	POL. 70,23	Sørkappøya; Brachyopoda; Karb. perm.	PMO-231.564-01.jpg	
231.563		1	POL. 70,23	Sørkappøya; Brachyopoda; Karb. perm.	PMO-231.563-01.jpg	
231.563		2	POL. 70,23	Sørkappøya; Brachyopoda; Karb. perm.	PMO-231.563-02.jpg	
A10344		1	POL. 70,23	Sørkappøya; Brachyopoda; Karb. perm.	PMO-A10344-01.jpg	Etikett mangler
A10346		1	POL. 70,23	Sørkappøya; Brachyopoda; Karb. perm.	PMO-A10346-01.jpg	Etikett mangler
A10345		1	POL. 70,23	Sørkappøya; Brachyopoda; Karb. perm.	PMO-A10345-01.jpg	Etikett mangler
A10348		1	POL. 70,23	Sørkappøya; Brachyopoda; Karb. perm.	PMO-A10348-01.jpg	Etikett mangler
A10347		1	POL. 70,23	Sørkappøya; Brachyopoda; Karb. perm.	PMO-A10347-01.jpg	Etikett mangler
H4862		1	POL. 70,23	Sørkappøya; Brachyopoda; Karb. perm.	PMO-H4862-01.jpg	Objekt mangler
H 4864		1	POL. 70,23	Sørkappøya; Brachyopoda; Karb. perm.	PMO-H 4864-01.jpg	Objekt mangler
231.569		1	POL. 70,23	Sørkappøya; Brachyopoda; Karb. perm.	PMO-231.569-01.jpg	
231.573		1	POL. 70,23	Sørkappøya; Brachyopoda; Karb. perm.	PMO-231.573-01.jpg	
231.568		1	POL. 70,23	Sørkappøya; Brachyopoda; Karb. perm.	PMO-231.568-01.jpg	
231.570		1	POL. 70,23	Sørkappøya; Brachyopoda; Karb. perm.	PMO-231.570-01.jpg	
231.571		1	POL. 70,23	Sørkappøya; Brachyopoda; Karb. perm.	PMO-231.571-01.jpg	
231.572		1	POL. 70,23	Sørkappøya; Brachyopoda; Karb. perm.	PMO-231.572-01.jpg	
A33242		1	POL. 70,23	Sørkappøya; Brachyopoda; Karb. perm.	PMO-A33242-01.jpg	
A9775		1	POL. 70,23	Sørkappøya; Brachyopoda; Karb. perm.	PMO-A9775-01.jpg	
A9728		1	POL. 70,23	Sørkappøya; Brachyopoda; Karb. perm.	PMO-A9728-01.jpg	Mangler objekt A9730, iflg. etikett
A4084		1	POL. 70,23	Sørkappøya; Brachyopoda; Karb. perm.	PMO-A4084-01.jpg	Mismatch etikett og objekt
A9753		1	POL. 70,23	Sørkappøya; Brachyopoda; Karb. perm.	PMO-A9753-01.jpg	Mismatch etikett og objekt
A10036		1	POL. 70,23	Sørkappøya; Brachyopoda; Karb. perm.	PMO-A10036-01.jpg	
A9744		1	POL. 70,23	Sørkappøya; Brachyopoda; Karb. perm.	PMO-A9744-01.jpg	
A10015		1	POL. 70,23	Sørkappøya; Brachyopoda; Karb. perm.	PMO-A10015-01.jpg	
A10014		1	POL. 70,23	Sørkappøya; Brachyopoda; Karb. perm.	PMO-A10014-01.jpg	Siste del av original nummeretiketten mangler
A9783		1	POL. 70,23	Sørkappøya; Brachyopoda; Karb. perm.	PMO-A9783-01.jpg	
A9779		1	POL. 70,23	Sørkappøya; Brachyopoda; Karb. perm.	PMO-A9779-01.jpg	
A9781		1	POL. 70,23	Sørkappøya; Brachyopoda; Karb. perm.	PMO-A9781-01.jpg	
A9784		1	POL. 70,23	Sørkappøya; Brachyopoda; Karb. perm.	PMO-A9784-01.jpg	
A9778		1	POL. 70,23	Sørkappøya; Brachyopoda; Karb. perm.	PMO-A9778-01.jpg	
A9828		1	POL. 70,23	Sørkappøya; Brachyopoda; Karb. perm.	PMO-A9828-01.jpg	
A9842		1	POL. 70,23	Sørkappøya; Brachyopoda; Karb. perm.	PMO-A9842-01.jpg	
A9727		1	POL. 70,23	Sørkappøya; Brachyopoda; Karb. perm.	PMO-A9727-01.jpg	
A9840		1	POL. 70,23	Sørkappøya; Brachyopoda; Karb. perm.	PMO-A9840-01.jpg	
A9729		1	POL. 70,23	Sørkappøya; Brachyopoda; Karb. perm.	PMO-A9729-01.jpg	
A9837		1	POL. 70,23	Sørkappøya; Brachyopoda; Karb. perm.	PMO-A9837-01.jpg	
A9831		1	POL. 70,23	Sørkappøya; Brachyopoda; Karb. perm.	PMO-A9831-01.jpg	
A9760		1	POL. 70,23	Sørkappøya; Brachyopoda; Karb. perm.	PMO-A9760-01.jpg	
231.567		1	POL. 70,23	Sørkappøya; Brachyopoda; Karb. perm.	PMO-231.567-01.jpg	
A9998		1	POL. 70,23	Sørkappøya; Brachyopoda; Karb. perm.	PMO-A9998-01.jpg	
A9758		1	POL. 70,23	Sørkappøya; Brachyopoda; Karb. perm.	PMO-A9758-01.jpg	
A10047		1	POL. 70,23	Sørkappøya; Brachyopoda; Karb. perm.	PMO-A10047-01.jpg	
A13652		1	POL. 70,23	Sørkappøya; Brachyopoda; Karb. perm.	PMO-A13652-01.jpg	
A13651		1	POL. 70,23	Sørkappøya; Brachyopoda; Karb. perm.	PMO-A13651-01.jpg	
A9752		1	POL. 70,23	Sørkappøya; Brachyopoda; Karb. perm.	PMO-A9752-01.jpg	
A9756		1	POL. 70,23	Sørkappøya; Brachyopoda; Karb. perm.	PMO-A9756-01.jpg	
A9763		1	POL. 70,23	Sørkappøya; Brachyopoda; Karb. perm.	PMO-A9763-01.jpg	
A10026		1	POL. 70,23	Sørkappøya; Brachyopoda; Karb. perm.	PMO-A10026-01.jpg	
A9735		1	POL. 70,23	Sørkappøya; Brachyopoda; Karb. perm.	PMO-A9735-01.jpg	
A10022		1	POL. 70,23	Sørkappøya; Brachyopoda; Karb. perm.	PMO-A10022-01.jpg	
A9737		1	POL. 70,23	Sørkappøya; Brachyopoda; Karb. perm.	PMO-A9737-01.jpg	
A10023		1	POL. 70,23	Sørkappøya; Brachyopoda; Karb. perm.	PMO-A10023-01.jpg	
A9748		1	POL. 70,23	Sørkappøya; Brachyopoda; Karb. perm.	PMO-A9748-01.jpg	
A9750		1	POL. 70,23	Sørkappøya; Brachyopoda; Karb. perm.	PMO-A9750-01.jpg	
A9733		1	POL. 70,23	Sørkappøya; Brachyopoda; Karb. perm.	PMO-A9733-01.jpg	
A9746		1	POL. 70,23	Sørkappøya; Brachyopoda; Karb. perm.	PMO-A9746-01.jpg	
A9738		1	POL. 70,23	Sørkappøya; Brachyopoda; Karb. perm.	PMO-A9738-01.jpg	
A9739		1	POL. 70,23	Sørkappøya; Brachyopoda; Karb. perm.	PMO-A9739-01.jpg	
A10024		1	POL. 70,23	Sørkappøya; Brachyopoda; Karb. perm.	PMO-A10024-01.jpg	
A10000		1	POL. 70,23	Sørkappøya; Brachyopoda; Karb. perm.	PMO-A10000-01.jpg	
A10028		1	POL. 70,23	Sørkappøya; Brachyopoda; Karb. perm.	PMO-A10028-01.jpg	
A10031		1	POL. 70,23	Sørkappøya; Brachyopoda; Karb. perm.	PMO-A10031-01.jpg	
A10020		1	POL. 70,23	Sørkappøya; Brachyopoda; Karb. perm.	PMO-A10020-01.jpg	
A10032		1	POL. 70,23	Sørkappøya; Brachyopoda; Karb. perm.	PMO-A10032-01.jpg	Objektet mangler nummer, men iflg. etikett så er nummer A10032 nevnt på men ingen objekt er merket dette
A9984		1	POL. 70,23	Sørkappøya; Brachyopoda; Karb. perm.	PMO-A9984-01.jpg	
A9982		1	POL. 70,23	Sørkappøya; Brachyopoda; Karb. perm.	PMO-A9982-01.jpg	
A9999		1	POL. 70,23	Sørkappøya; Brachyopoda; Karb. perm.	PMO-A9999-01.jpg	
A10040		1	POL. 70,23	Sørkappøya; Brachyopoda; Karb. perm.	PMO-A10040-01.jpg	
A9759		1	POL. 70,23	Sørkappøya; Brachyopoda; Karb. perm.	PMO-A9759-01.jpg	
A10041		1	POL. 70,23	Sørkappøya; Brachyopoda; Karb. perm.	PMO-A10041-01.jpg	
A10001		1	POL. 70,23	Sørkappøya; Brachyopoda; Karb. perm.	PMO-A10001-01.jpg	
A10013		1	POL. 70,23	Sørkappøya; Brachyopoda; Karb. perm.	PMO-A10013-01.jpg	
A9761		1	POL. 70,23	Sørkappøya; Brachyopoda; Karb. perm.	PMO-A9761-01.jpg	
A9841		1	POL. 70,23	Sørkappøya; Brachyopoda; Karb. perm.	PMO-A9841-01.jpg	
A10033		1	POL. 70,23	Sørkappøya; Brachyopoda; Karb. perm.	PMO-A10033-01.jpg	
A9981		1	POL. 70,23	Sørkappøya; Brachyopoda; Karb. perm.	PMO-A9981-01.jpg	
A10016		1	POL. 70,23	Sørkappøya; Brachyopoda; Karb. perm.	PMO-A10016-01.jpg	
A10007		1	POL. 70,23	Sørkappøya; Brachyopoda; Karb. perm.	PMO-A10007-01.jpg	
A5086		1	POL. 70,23	Sørkappøya; Brachyopoda; Karb. perm.	PMO-A5086-01.jpg	
A9829		1	POL. 70,23	Sørkappøya; Brachyopoda; Karb. perm.	PMO-A9829-01.jpg	
A9776		1	POL. 70,23	Sørkappøya; Brachyopoda; Karb. perm.	PMO-A9776-01.jpg	
A13639		1	POL. 70,23	Sørkappøya; Brachyopoda; Karb. perm.	PMO-A13639-01.jpg	
A10006		1	POL. 70,23	Sørkappøya; Brachyopoda; Karb. perm.	PMO-A10006-01.jpg	
A13637		1	POL. 70,23	Sørkappøya; Brachyopoda; Karb. perm.	PMO-A13637-01.jpg	
A9979		1	POL. 70,23	Sørkappøya; Brachyopoda; Karb. perm.	PMO-A9979-01.jpg	
A9821		1	POL. 70,23	Sørkappøya; Brachyopoda; Karb. perm.	PMO-A9821-01.jpg	
A9832		1	POL. 70,23	Sørkappøya; Brachyopoda; Karb. perm.	PMO-A9832-01.jpg	
A9839		1	POL. 70,23	Sørkappøya; Brachyopoda; Karb. perm.	PMO-A9839-01.jpg	
A9838		1	POL. 70,23	Sørkappøya; Brachyopoda; Karb. perm.	PMO-A9838-01.jpg	
A9836		1	POL. 70,23	Sørkappøya; Brachyopoda; Karb. perm.	PMO-A9836-01.jpg	
A10002		1	POL. 70,23	Sørkappøya; Brachyopoda; Karb. perm.	PMO-A10002-01.jpg	
A10003		1	POL. 70,23	Sørkappøya; Brachyopoda; Karb. perm.	PMO-A10003-01.jpg	
A10005		1	POL. 70,23	Sørkappøya; Brachyopoda; Karb. perm.	PMO-A10005-01.jpg	
231.898		1	POL. 69,25	TRE DIV. ; Trias	PMO-231.898-01.jpg	
231.899		1	POL. 69,25	TRE DIV. ; Trias	PMO-231.899-01.jpg	
231.894		1	POL. 69,25	TRE DIV. ; Trias	PMO-231.894-01.jpg	
231.896		1	POL 69,25	TRE DIV. ; Trias	PMO-231.896-01.jpg	
231.895		1	POL 69,25	TRE DIV. ; Trias	PMO-231.895-01.jpg	
231.897		1	POL 69,25	TRE DIV. ; Trias	PMO-231.897-01.jpg	
